,tmb_text,negative,neutral,positive
0,wish,0.0,0.0,1.0
1,,0.0,0.0,0.0
2,no gpu,0.688,0.312,0.0
3,onotoe,0.0,1.0,0.0
4,,0.0,0.0,0.0
5,wheel of pain,0.623,0.377,0.0
6,gpu thermal paste upgrade,0.0,1.0,0.0
7,upgrading tie mac studio e,0.0,1.0,0.0
8,playstation king is,0.0,1.0,0.0
9,beautiful ps5,0.0,0.204,0.796
10,janiz 2017 monitor 8k amd ryzen join our communiy foruml muan linustechtips com www show,0.0,0.864,0.136
11,radeon 260x r7 e review 8 unboxing,0.0,1.0,0.0
12,,0.0,0.0,0.0
13,hands on amd radeon r9 290x,0.0,1.0,0.0
14,eve sli dd,0.0,1.0,0.0
15,,0.0,0.0,0.0
16,,0.0,0.0,0.0
17,,0.0,0.0,0.0
18,,0.0,0.0,0.0
19,,0.0,0.0,0.0
20,to how watermelon skin a,0.0,1.0,0.0
21,balloons water 1800 trampoline t,0.0,1.0,0.0
22,,0.0,0.0,0.0
23,fake sse real,0.608,0.392,0.0
24,domino robot,0.0,1.0,0.0
25,,0.0,0.0,0.0
26,egg drop tricks,0.783,0.217,0.0
27,science secrets,0.0,1.0,0.0
28,stealing baseball signs steal,0.775,0.225,0.0
29,zipline,0.0,1.0,0.0
30,ice cream safe ben cos,0.0,0.58,0.42
31,,0.0,0.0,0.0
32,,0.0,0.0,0.0
33,social experiment,0.0,1.0,0.0
34,live survive how to a5 mile fall with parachute no,0.196,0.804,0.0
35,nasas pumpkin contest,0.0,1.0,0.0
36,science trick,0.545,0.455,0.0
37,live is why the sky blued,0.0,1.0,0.0
38,nedaalls,0.0,1.0,0.0
39,,0.0,0.0,0.0
40,,0.0,0.0,0.0
41,,0.0,0.0,0.0
42,,0.0,0.0,0.0
43,,0.0,0.0,0.0
44,,0.0,0.0,0.0
45,,0.0,0.0,0.0
46,circular saw ene kickback killer,0.518,0.482,0.0
47,united states coast guard aboard welcome,0.0,0.303,0.697
48,,0.0,0.0,0.0
49,,0.0,0.0,0.0
50,capsized,0.0,1.0,0.0
51,finally told her gole,0.0,1.0,0.0
52,,0.0,0.0,0.0
53,,0.0,0.0,0.0
54,doh,0.0,1.0,0.0
55,2014 not forgotten,0.0,0.546,0.454
56,juin chase to ay,0.0,1.0,0.0
57,,0.0,0.0,0.0
58,d artistic ballisties,0.0,1.0,0.0
59,,0.0,0.0,0.0
60,and substantially heavier if,0.0,1.0,0.0
61,if no spinning seconds for 5,0.355,0.645,0.0
62,jupiter becomes sun a df,0.0,1.0,0.0
63,t would either hare 1d bioluminescent become alak,0.0,1.0,0.0
64,if years 2 with covidi9,0.0,1.0,0.0
65,if spinosaurus is alive,0.0,0.536,0.464
66,if building cloud cities venus on,0.0,1.0,0.0
67,lf everyone falls asleep at the same time,0.0,1.0,0.0
68,if the last human on earth,0.0,1.0,0.0
69,if drinking from lake natron,0.0,1.0,0.0
70,if hidden planet in the solar system,0.0,1.0,0.0
71,if living in closed a biosphere,0.0,1.0,0.0
72,we stopped if burning fossil fuels today if,0.213,0.787,0.0
73,df draining the largest atoll,0.0,1.0,0.0
74,if longest tongue in world the,0.0,1.0,0.0
75,jf massive bugs bed in your bed,0.0,1.0,0.0
76,if could we start againz,0.0,1.0,0.0
77,jupiters new life if,0.0,1.0,0.0
78,,0.0,0.0,0.0
79,if the us on lockdown,0.0,1.0,0.0
80,2 t,0.0,0.0,0.0
81,portal the paradox or b a e xplot,0.259,0.741,0.0
82,f2 202t t,0.0,1.0,0.0
83,quantum computers destroy security internet c,0.393,0.337,0.27
84,top 10 reasons why know we round earth is the,0.0,0.833,0.167
85,llztyates 112tt8tue q107z116t d 2al t,0.0,1.0,0.0
86,physics another misconception,0.0,1.0,0.0
87,the universe snnsalan,0.0,1.0,0.0
88,special relativity ch1 eemcz c ak,0.0,0.597,0.403
89,physicsof the car crashes,0.0,1.0,0.0
90,2 oscos no,0.688,0.312,0.0
91,,0.0,0.0,0.0
92,,0.0,0.0,0.0
93,length contraction 8 time dilation,0.0,1.0,0.0
94,,0.0,0.0,0.0
95,oops dag 15 io,0.0,1.0,0.0
96,stars how many the there in sky are explained in 9999 9 seconds,0.0,1.0,0.0
97,is wis sines,0.0,1.0,0.0
98,,0.0,0.0,0.0
99,whales how did so get bigs,0.0,1.0,0.0
100,device removes blood clots tech insider,0.0,1.0,0.0
101,t why we have groove a below nose our,0.0,1.0,0.0
102,ti new chinese gladiator robot,0.0,1.0,0.0
103,tech insider,0.0,1.0,0.0
104,how to use bumble you matchedi bumble e tech insider,0.0,1.0,0.0
105,transfer photos from iphone to iphone tech insider,0.0,1.0,0.0
106,find your insider tech skype id share proflo lorne skype zzabsoacdzocbl name ive cld s eman ntechisienmallcom blnthdey add btthday other tech find other pcople insider wcas can you,0.0,0.925,0.075
107,download shows and movies on netflix tech insider,0.0,1.0,0.0
108,t nyc grid explained,0.0,1.0,0.0
109,t google timeline,0.0,1.0,0.0
110,find diamonds in minecraft tech lane dlock insider,0.0,1.0,0.0
111,li smart construction helmet water,0.0,0.597,0.403
112,message li fyi w e t u o p q r y lesserknown l k j google products,0.0,0.735,0.265
113,1203 85e tera insider,0.0,1.0,0.0
114,korean billy on his viral fame tech insider,0.0,0.707,0.293
115,li nasas autonomous underwater drone,0.0,1.0,0.0
116,,0.0,0.0,0.0
117,t the american southeast is breaking off,0.0,1.0,0.0
118,t american southwest face megadrought may,0.0,1.0,0.0
119,business uk insider durable speakers,0.0,1.0,0.0
120,dopamine mindset drive 8 huberman lab,0.0,1.0,0.0
121,build strong habits huberman lab,0.0,0.548,0.452
122,cannabise health 8 harms huberman lab,0.444,0.556,0.0
123,smells how impact biology our noam sobel dre huberman lab,0.0,1.0,0.0
124,female hormone optimization dre sara gottfried huberman lab,0.0,0.729,0.271
125,erasing fear 8y trauma huberman lab,0.6,0.4,0.0
126,meditation mind the 8 free will sam dr harris huberman lab,0.0,0.732,0.268
127,nicotines uses 8a quitting huberman lab,0.0,1.0,0.0
128,why we dream huberman lab,0.0,0.667,0.333
129,master your breathing with dr jack feldman huberman lab,0.0,1.0,0.0
130,optimize work 8 health huberman lab,0.0,0.556,0.444
131,optimize your hormones kyle gillett dr lab huberman,0.0,0.686,0.314
132,social connecting bonding 8x huberman lab,0.0,1.0,0.0
133,visualize bachieve goals balcetis dre emily huberman lab,0.0,1.0,0.0
134,psychedelics for mental health robin carhartharris dr huberman lab,0.0,1.0,0.0
135,strength hormones 8a performance with dr duncan french ferformance ufc ute huberman lab inst,0.0,0.802,0.198
136,compulsive eating 8 behaviors casey halpern dr huberman lab,0.0,1.0,0.0
137,mdma benefits risks qa huberman lab,0.241,0.46,0.299
138,ketamine benefits risks 8 huberman lab,0.273,0.39,0.338
139,ama episode 9 huberman lab,0.0,1.0,0.0
140,kal machines virtual fake computer,0.437,0.563,0.0
141,reverse shell loses youg nizona,0.365,0.635,0.0
142,free ccna complete couvse,0.0,0.476,0.524
143,top certs 2022 of entrylevel aws comena certihed pentes clouwd actitioner ollool cisco ccna metia comet security at,0.0,0.792,0.208
144,,0.0,0.0,0.0
145,ultimate kal hacking workspace,0.0,1.0,0.0
146,cisco comptia o certified ccent a network c o 110 00 d 10 onon ad to o 1 o comola cescd network ccna vs certified mcsa rountae stucing,0.0,1.0,0.0
147,youre hiredi get job a experiencel ino,0.0,1.0,0.0
148,,0.0,0.0,0.0
149,worlds most secure browser youvselfs cbuild in,0.0,0.69,0.31
150,study z tips cisco cisco certified certified ccna conp lennjum ilcon rout fa routing 8 switch g eno corpotl switching funahl,0.0,1.0,0.0
151,iec 89 destroy 5 gc pythont 5 ta da g6 python right tint nowh 1 ep,0.226,0.774,0.0
152,,0.0,0.0,0.0
153,aws s d network developer cbi nud ets,0.0,1.0,0.0
154,day giveaway 10 christmas 8 days of how does taker long it to become a network engineer ciohesreicr,0.0,1.0,0.0
155,feel i stupid,0.773,0.227,0.0
156,you not do need college diploma luniversity,0.0,1.0,0.0
157,toring moni router cisco cisco my arduino,0.0,1.0,0.0
158,03113116 03 59pm e rick grimes c hunt group redial new cal,0.182,0.818,0.0
159,giveaway cisco certified ccna routinge winners enter toe wine,0.0,0.721,0.279
160,do not i wanna use,0.0,1.0,0.0
161,,0.0,0.0,0.0
162,,0.0,0.0,0.0
163,thinkpad 713 c,0.0,1.0,0.0
164,samsung s8 tab ultra,0.0,1.0,0.0
165,ocooe at bane c,0.0,1.0,0.0
166,,0.0,0.0,0.0
167,,0.0,0.0,0.0
168,sony xo5k,0.0,1.0,0.0
169,gaming speaker ultragear,0.0,1.0,0.0
170,glass,0.0,1.0,0.0
171,android do,0.0,1.0,0.0
172,xperia 51iv bony,0.0,1.0,0.0
173,1 10 pro,0.0,1.0,0.0
174,s control,0.0,1.0,0.0
175,,0.0,0.0,0.0
176,prusa prusa mkl,0.0,1.0,0.0
177,rgb shoes,0.0,1.0,0.0
178,of the,0.0,1.0,0.0
179,,0.0,0.0,0.0
180,assassins teapot,0.0,1.0,0.0
181,pope pope,0.0,1.0,0.0
182, o this shouldnt work,0.0,1.0,0.0
183,parametric resonance is weird,0.362,0.638,0.0
184,,0.0,0.0,0.0
185,,0.0,0.0,0.0
186,sail faster than wind,0.0,1.0,0.0
187,thought they this didnft exist,0.0,1.0,0.0
188,open this window to save lives,0.0,0.61,0.39
189,,0.0,0.0,0.0
190,,0.0,0.0,0.0
191,viruses assemble self,0.0,1.0,0.0
192,ice water makes boil it,0.0,1.0,0.0
193,note laser f5 trick l5 012962 lj67,0.167,0.833,0.0
194,dbeep esgp e 2048hz sl aooe casio 32 6a,0.0,1.0,0.0
195,tower old 0f heads,0.0,1.0,0.0
196,me eat,0.0,1.0,0.0
197,,0.0,0.0,0.0
198,cld becp shift d add new sd cinen how von culo loe,0.0,1.0,0.0
199,,0.0,0.0,0.0
200,18,0.0,1.0,0.0
201,ian groi 8 s2d,0.0,1.0,0.0
202,note2i ultr 11 pro max snnsun,0.0,1.0,0.0
203,s king ineg saunans,0.0,1.0,0.0
204,d p q n blackberrys q 5,0.0,1.0,0.0
205,s snasu so as ru d,0.0,1.0,0.0
206,surgeag 1555 sacen loton,0.0,1.0,0.0
207,samsung samsung galaxy galaxy s7 s8t ledge supersaf style vs camera test,0.0,1.0,0.0
208,lg gx oled,0.0,1.0,0.0
209,surgeeae never sele,0.0,1.0,0.0
210,,0.0,0.0,0.0
211,sony sole s ony gold unboxing,0.0,1.0,0.0
212,108 8 worthover 83ok smartphones s g 8,0.0,1.0,0.0
213,ole apo eefe supersaett fipe fipe,0.0,1.0,0.0
214,,0.0,0.0,0.0
215,g3 iphone gplus lg odo vs,0.0,1.0,0.0
216,lgg flexz unboxing,0.0,1.0,0.0
217,,0.0,0.0,0.0
218,nener settle one plus 3 finst impressidns iuntoxing t supersaetv,0.0,1.0,0.0
219,supersn 20000 subscribers s50 minic suit gift voucher siuiw giveawayl,0.0,0.756,0.244
220,s the demon core,0.0,1.0,0.0
221,hlh americas nuclear first meltdown sls,0.0,1.0,0.0
222,space is dead,0.683,0.317,0.0
223,,0.0,0.0,0.0
224,unstoppable the super ae,0.234,0.26,0.506
225,john wayne and conqueror the,0.0,1.0,0.0
226,best kar armor,0.0,0.323,0.677
227,vyes o00 x1 ooo 9 ooo0 000,0.0,1.0,0.0
228,quantum levitation,0.0,1.0,0.0
229,ltiic flnte ules,0.0,1.0,0.0
230,hole plot solvedb,0.0,1.0,0.0
231,,0.0,0.0,0.0
232,nonsense antieg quantumpend quantun c quantump fen dant adant uien quantun quantur cumpendan endant quen quantumpendant quantu quantunfending quantumpe antumpendant s antumpendant quantun mp quantumfendint cs pendant mpendant quantun oean qununa dant antumk quantun dant mpena dant impen ss dant live s s,0.066,0.934,0.0
233,put this in your brain,0.0,1.0,0.0
234,can we stopitp,0.0,1.0,0.0
235,somebody else you want t doina work should be elf mo you do truly want truth the research your oing the you own lo sa spuun truth nope live,0.0,0.695,0.305
236,cube poo secrets,0.0,1.0,0.0
237,musk elon palor zoov lne elned tz live,0.0,1.0,0.0
238,sir cered jft ter can you slg pt ctoeen sr laleser afa srey cratler pfl read sr clesater gft sren ilceratrer fe cafe eh sdere thisp det sfls live,0.0,1.0,0.0
239,this is whyyou wear mask a,0.0,1.0,0.0
240,spark,0.0,0.0,1.0
241,spark,0.0,0.0,1.0
242,spark,0.0,0.0,1.0
243,sr spark,0.0,0.345,0.655
244,24 sas spark,0.0,0.513,0.487
245,spark,0.0,0.0,1.0
246,spark,0.0,0.0,1.0
247,spark,0.0,0.0,1.0
248,s01 spark,0.0,0.345,0.655
249,spark,0.0,0.0,1.0
250,spark,0.0,0.0,1.0
251,spark,0.0,0.0,1.0
252,a first contact be may possible,0.0,1.0,0.0
253,spark,0.0,0.0,1.0
254,ol aneonce s spark,0.0,0.513,0.487
255,spark,0.0,0.0,1.0
256,spark,0.0,0.0,1.0
257,spark,0.0,0.0,1.0
258,spark,0.0,0.0,1.0
259,spark,0.0,0.0,1.0
260,part 1 starbase withtour guide elon musk build site tour everyday astronaut,0.0,1.0,0.0
261,eseonnut,0.0,1.0,0.0
262,wrong went exacitly what everyday asronaut,0.383,0.617,0.0
263,ride e ere legit next gen space suit a talser asrondy,0.0,1.0,0.0
264,nasa spacex dmz crew dragon splashdown bob 8 doug homecoming hosted live iseondat,0.0,1.0,0.0
265,vandenberg sfb ca slca firefly alphafltaood to the black hosted live esronnot,0.0,1.0,0.0
266,vandenberg sfb ca slca firefly alphafltaood to the black hosted live esronnot,0.0,1.0,0.0
267,slc 40 ccsfs fl spacex transporters hosted live falcon 9 block 5 eseondat,0.225,0.775,0.0
268,wenchang il lcl tianwenfl long march 5 shinas st mars mission hosted live esveondat,0.0,1.0,0.0
269,the astro awards 2021 best space moments of e ever yday asironaut,0.0,0.556,0.444
270,merlins 27 analbum composed using falcon heaty s sequence of events es ryday asronaut,0.0,1.0,0.0
271,veryday asronaut,0.0,1.0,0.0
272,spacex amosiz hosted live ev astronaut,0.0,1.0,0.0
273,eseonday,0.0,1.0,0.0
274,deltaivmta2 gpsil ulall svoz ns edhlive ever asroa,0.0,1.0,0.0
275,isreondat day astronaut beach house,0.0,1.0,0.0
276,il 5,0.0,1.0,0.0
277,launch spacex paz hosted live,0.0,1.0,0.0
278,quicksavesh to eve anud back stock anjd njo everyday asronaut,0.0,1.0,0.0
279,palinting istar behind the scenes photoshop everyday nsironnut,0.0,1.0,0.0
280,,0.0,0.0,0.0
281,,0.0,0.0,0.0
282,,0.0,0.0,0.0
283,,0.0,0.0,0.0
284,,0.0,0.0,0.0
285,,0.0,0.0,0.0
286,,0.0,0.0,0.0
287,0j26rb gillette,0.0,1.0,0.0
288,,0.0,0.0,0.0
289,,0.0,0.0,0.0
290,,0.0,0.0,0.0
291,,0.0,0.0,0.0
292,,0.0,0.0,0.0
293,,0.0,0.0,0.0
294,,0.0,0.0,0.0
295,d,0.0,0.0,0.0
296,,0.0,0.0,0.0
297,,0.0,0.0,0.0
298,,0.0,0.0,0.0
299,,0.0,0.0,0.0
300,blockchain,0.0,1.0,0.0
301,,0.0,0.0,0.0
302,8 ws ds,0.0,1.0,0.0
303,,0.0,0.0,0.0
304,adde games screen enc 18 class 19 mancgames sprites 120 which 21 left man and moves 22 image load image games e def inits selfs se ini tialize man super,0.0,0.878,0.122
305,wa,0.0,1.0,0.0
306,graphql python in,0.0,1.0,0.0
307,,0.0,0.0,0.0
308,js,0.0,1.0,0.0
309,the universal serial web,0.0,1.0,0.0
310,,0.0,0.0,0.0
311,crashh s l,0.0,1.0,0.0
312,,0.0,0.0,0.0
313,ds us,0.0,1.0,0.0
314,60 asynchronous event handling,0.0,1.0,0.0
315,op 10 12 11 13 15 14,0.0,1.0,0.0
316,xit search,0.0,1.0,0.0
317,xpys python html run in your,0.0,1.0,0.0
318,,0.0,0.0,0.0
319,,0.0,0.0,0.0
320,gland sfixx micc,0.0,1.0,0.0
321,zloose sawie slquencal aensufe 0 used ban screiv 8 tighten seron are securely codanp rah onss onto oo sn cos fore t outer t reverse artto replacing o dagr see wiring reverse diag,0.113,0.812,0.075
322,,0.0,0.0,0.0
323,,0.0,0.0,0.0
324,dfixx wagd 221 cal zoa soon inline,0.0,1.0,0.0
325,,0.0,0.0,0.0
326,unlimited synk sun power,0.0,1.0,0.0
327,instructions s cunolo kmsssot s diagra reverse paroalcores s fused cordgnp s stbbsa conle shomn  c,0.0,1.0,0.0
328,v hz mo sn off v hz st off z z,0.0,1.0,0.0
329,,0.0,0.0,0.0
330,evtraining fixx part i s,0.0,1.0,0.0
331,pfixx,0.0,1.0,0.0
332,scbrider,0.0,1.0,0.0
333,g c c ile fixx electrical news weekly,0.0,1.0,0.0
334,cable tray fixx grouping factors,0.0,1.0,0.0
335,e a ofixx cites  lwus s varrng i s dea eca mallenss in eleroek scrices engnecring,0.0,1.0,0.0
336,metal trunking trunking hints tips g soooo accessories pfxx,0.0,1.0,0.0
337,sfixx performance industrial lighting,0.0,1.0,0.0
338,vie s r s s ofixx pfixx  live feed live feed dfixx,0.0,1.0,0.0
339,dfixx wards a 2os education winners,0.0,0.563,0.437
340,fidget thun bfct,0.0,1.0,0.0
341,,0.0,0.0,0.0
342,,0.0,0.0,0.0
343,plsne,0.0,1.0,0.0
344,you have all,0.0,1.0,0.0
345,las ju,0.0,1.0,0.0
346,0 st,0.0,1.0,0.0
347,,0.0,0.0,0.0
348,arrive home activate scene,0.0,1.0,0.0
349,eolin,0.0,1.0,0.0
350,,0.0,0.0,0.0
351,c,0.0,0.0,0.0
352,with everything,0.0,1.0,0.0
353,,0.0,0.0,0.0
354,,0.0,0.0,0.0
355,and this gadget iget,0.0,1.0,0.0
356,,0.0,0.0,0.0
357,youfac,0.0,1.0,0.0
358,youfal,0.0,1.0,0.0
359,st aaamr,0.0,1.0,0.0
360,ihe un lockr,0.0,1.0,0.0
361,coa un david cogen lckr theunlockicom,0.0,1.0,0.0
362,leica huawei,0.0,1.0,0.0
363,ultra,0.0,1.0,0.0
364,viust lees reck,0.0,1.0,0.0
365,ol lopfl dne ontois ly tne ralee dae lnan anatakclne d tonteolln lu t n bu hot dne noguy dutesn e s md ld nn oo c alld oil n hon uo lol want lo search orive ru solled pol pis sos g scarch loa uoltcaly upulled drmer,0.0,0.828,0.172
366,500 n isor son en de cadre,0.0,1.0,0.0
367,,0.0,0.0,0.0
368,eun lock,0.0,1.0,0.0
369,aceos eocon,0.0,1.0,0.0
370,the u ckr,0.0,1.0,0.0
371,ckr,0.0,1.0,0.0
372,eic eamc un,0.0,1.0,0.0
373,6500 pm utilities 4101 winterboard a verizon c cydia,0.0,1.0,0.0
374,h superuser request tmobile com pradapt d grants full all features access to device and storage potentially dangerous ask 15 minutes again grant deny clantl daiad oereer reod ecr,0.167,0.699,0.134
375,wan noshowarim o cr n open pees smple secksicop cck suhel wnterord bola ganel a soes seao,0.0,1.0,0.0
376,t uc ckr,0.0,1.0,0.0
377,eul lo cock out dc seqel o lhe md copulr samsing ilflila foldng phone in the modd le heres uhas en,0.078,0.922,0.0
378,un lockr lockr,0.0,1.0,0.0
379,,0.0,0.0,0.0
380,amplifier operational vi vout v,0.0,1.0,0.0
381,transient analysis first order and circuits rec rel r r c,0.0,1.0,0.0
382,differentiator opamp as r sar vn vout,0.0,1.0,0.0
383,explained ladder dac re2r 2r wa vo 2r 2r 2r ba b1 bx vief,0.0,1.0,0.0
384,voltage and current power explained,0.0,1.0,0.0
385,chip socd system on explained d o quasonn,0.0,1.0,0.0
386,decibel dbi what is dbs dbm dbw and dbv 2,0.0,1.0,0.0
387,amplitude modulation cam signal modulated signal message noain modulation signal carrier,0.0,1.0,0.0
388,signal model mosfet small lsagm vos ro s,0.0,1.0,0.0
389,and pos sop forms a b c fl fleabctabctabctabl o o o 1  e e flamotmtma tm7 o flzo247 1 s o o 1,0.0,1.0,0.0
390,solved problems on coupled magnetically circuits,0.307,0.455,0.239
391,s ohm law,0.0,1.0,0.0
392,length modulation mosfet channel ves sm source s1 drain dj gate ig wesv ve av vasesv le al ves ban,0.159,0.841,0.0
393,active explained clamper circuit o ri v vde,0.0,0.649,0.351
394,parameters ya two port va vi network ly1 vit y2 v2 12ay2 vit y2 v2,0.0,1.0,0.0
395,depletion biasing type mosfet vod ro co v ida ves vesa ov,0.0,1.0,0.0
396,transistor logic pass and gate a,0.0,1.0,0.0
397,binary generator sequence 1 11 1 o output  di ox go ds dd do oi clk cle cli cur cle clr,0.0,1.0,0.0
398,quizhl is given that it 1851 144j 823j t t basex baser basex what is the value of base xt aj5 cj12 bj3 dj6,0.0,0.897,0.103
399,quiz f9 bandwidth a of 10 khz is required for am system ifthe lowest frequency in the modulated signal is 555 khz what is the carrier component frequency in p khz al 525 ci 550 bj 560 dj 565,0.067,0.933,0.0
400,an as and land new was exposeds,0.0,1.0,0.0
401,syeal d the gyeah butlook at the face too,0.0,1.0,0.0
402,instead of like the stopping conversation,0.198,0.494,0.309
403,ny nyami mi nyami,0.0,1.0,0.0
404,jy part 7 patreon exclusive alived extinct or,0.0,0.8,0.2
405,cant,0.0,1.0,0.0
406,insane sea fish deep,0.474,0.526,0.0
407,times the wis d kash 102,0.0,1.0,0.0
408,,0.0,0.0,0.0
409,good or badb,0.0,0.408,0.592
410,clips t extinct allive bts or formosan clouded leopardi,0.146,0.854,0.0
411,the wile trmes,0.0,1.0,0.0
412,exclusvie patreon loss giant armadillo,0.365,0.635,0.0
413,animal cloned,0.0,1.0,0.0
414,wild times the f26,0.0,1.0,0.0
415,clips kt twt on inaturalistie c,0.0,1.0,0.0
416,,0.0,0.0,0.0
417,iceland whaling,0.0,1.0,0.0
418,the wild tumes bonus episode thewltiesocstcomaton,0.0,0.588,0.412
419,the wile times with forrest galante battle royale,0.271,0.729,0.0
420,dropping,0.0,1.0,0.0
421,6oopm toopm 83opm,0.0,1.0,0.0
422,177 m my iseza son,0.0,1.0,0.0
423,what they,0.0,1.0,0.0
424,mostly,0.0,1.0,0.0
425,whatis this s,0.0,1.0,0.0
426,out of,0.0,1.0,0.0
427,and can,0.0,1.0,0.0
428,wits not okay,0.454,0.546,0.0
429,when,0.0,1.0,0.0
430,its like,0.0,0.286,0.714
431,not yet,0.0,1.0,0.0
432,automation,0.0,1.0,0.0
433,demonstrating dem ing,0.0,1.0,0.0
434,to get people like ke pe,0.0,0.667,0.333
435,in the gym,0.0,1.0,0.0
436,this having,0.0,1.0,0.0
437,this on nerve e ,0.0,1.0,0.0
438,30 minutes,0.0,1.0,0.0
439,play games,0.0,0.294,0.706
440,how to retire on ethereum,0.0,1.0,0.0
441,staking ethereum worth itr,0.0,0.612,0.388
442,february crypto what to expect b,0.0,1.0,0.0
443,live nye,0.0,1.0,0.0
444,investanswers quickie b,0.0,1.0,0.0
445,investanswers quickie tgo t b l,0.0,1.0,0.0
446,investanswers quickie etw b,0.0,1.0,0.0
447,my takeaways dl m e s s ari state of crypto t iex f sy hp s,0.0,1.0,0.0
448,avalanche inflation uncovered crypto,0.0,1.0,0.0
449,b dca steroids on,0.0,1.0,0.0
450,how to convince anyone to bitcoin buy,0.0,0.75,0.25
451,will b e poweri,0.0,1.0,0.0
452,coordinated crypto attacke,0.0,1.0,0.0
453,next btc catalyst t b a on chain ta,0.0,1.0,0.0
454,fades fud crypto rises o t b on chain ta,0.259,0.741,0.0
455,bonds btcy proxies 8 b on chain ta,0.0,1.0,0.0
456,investanswers q8a weekly b,0.0,1.0,0.0
457,b lost coins,0.697,0.303,0.0
458,barrons bullishi turning,0.0,1.0,0.0
459,sunday crypto thoughts,0.0,1.0,0.0
460,ps1,0.0,1.0,0.0
461,horizons 76 fps,0.0,1.0,0.0
462,dbuilt the most powerful mo ful system avalable sy le,0.0,0.744,0.256
463,,0.0,0.0,0.0
464,pads gaming standard dads stand,0.0,1.0,0.0
465,,0.0,0.0,0.0
466,ys c cable guys,0.0,1.0,0.0
467,,0.0,0.0,0.0
468,2,0.0,0.0,0.0
469,removing coles t s,0.0,1.0,0.0
470,,0.0,0.0,0.0
471,,0.0,0.0,0.0
472,these are my favourite gaming vs my te,0.0,1.0,0.0
473,logitech worst vs case ipad everi,0.451,0.549,0.0
474,8 masterpiece,0.0,0.0,1.0
475,today,0.0,1.0,0.0
476,ps5 review,0.0,1.0,0.0
477,e,0.0,0.0,0.0
478,s1099 s699,0.0,1.0,0.0
479,zflip galaxy s fljo,0.0,1.0,0.0
480,microsoft windowsi8,0.0,1.0,0.0
481,me tollt piracy malware 8 nutz doan as lor naca lo soeca hot loo,0.0,1.0,0.0
482,mcafee grea vs malware trey we potgaed ion connecoons cl pue so ns 151 erzrold cl peon cuureson see bunes co seeite clealaean,0.0,1.0,0.0
483,nhs cern microsoft xp windows,0.0,0.606,0.394
484,antivirus phones on,0.0,1.0,0.0
485,pcsecurtchannel ie guo e,0.0,1.0,0.0
486,phishing test sio oecedont seed in t es,0.0,1.0,0.0
487,declutter windows 10,0.0,1.0,0.0
488,antivirus free challenge epaz tpsc,0.0,0.395,0.605
489,black screen deathr of,0.0,1.0,0.0
490,the el p,0.0,1.0,0.0
491,n 9 nein no noi e,0.524,0.476,0.0
492,b sapto mining ransomware usssssssssu suuussssssss ssss sssssssssu uusssssssss sssssssssus,0.0,1.0,0.0
493,2015 bitdefender antivirus free vs threats web,0.252,0.45,0.297
494,cuats,0.0,1.0,0.0
495,,0.0,0.0,0.0
496,ron wacin srn,0.0,1.0,0.0
497,kapenrs,0.0,1.0,0.0
498,aeu c,0.0,1.0,0.0
499,pc security channel the,0.0,0.556,0.444
500,,0.0,0.0,0.0
501,,0.0,0.0,0.0
502,,0.0,0.0,0.0
503,,0.0,0.0,0.0
504,,0.0,0.0,0.0
505,,0.0,0.0,0.0
506,,0.0,0.0,0.0
507,,0.0,0.0,0.0
508,suuns tnon,0.0,1.0,0.0
509,,0.0,0.0,0.0
510,,0.0,0.0,0.0
511,cy aaar eang zer sa s e sen aee em nars cnaane see coctes m tug coe,0.0,1.0,0.0
512,,0.0,0.0,0.0
513,,0.0,0.0,0.0
514,,0.0,0.0,0.0
515,,0.0,0.0,0.0
516,sia,0.0,1.0,0.0
517,,0.0,0.0,0.0
518,,0.0,0.0,0.0
519,,0.0,0.0,0.0
520,after 15 monthsa regrets,0.455,0.545,0.0
521,16 99 8be ot 19g0 ak el ll sb stzs b b1c 3070 6800 rtx ti rx xt vs nvidia the is high tax too 3070 ti rx 6800 xt rtx 3070t rix 6800 xt rx god of god of war war god of war god of war ultra 14aop ultra 1440p 1440p ultra 144op ultra dlss fsr 20 quality quality,0.205,0.684,0.111
522,faster 656 and cooler,0.0,1.0,0.0
523,is it fast enoughr but 16x 17x x 15x 15x 201 resident evil exodus doom eternal erpunk metro traytracingl iraytracingl village a,0.349,0.651,0.0
524,gpu 66 gpu as 859 ss meu 6116 gsoe meu 9o1 t cpu 15 18 asd cpu rou 9446 18s8 rak dboia dbolie 12 1a ds le 3080 rtx rtx 4090 vs s1000 worth it extra ls an ultrawider for 3440x1440 ultra 3a40x1440 rt psycho dlss quality dlss quality,0.0,0.961,0.039
525,requirements ststem poonee caot proes aed ce poe vou jokingl must be char annn dicl en a zo od malneo nnoes iroatons rnme coneacnen peoo mpuc ocosabl aealan so nccottnes sbn eoe supnet sd smenes aeotons none pecommeeed ortes srn a de une an ld more like this craed fues batlegrounds payeunnoins bura osed fan tan fotern  ens,0.0,0.914,0.086
526,price same ripoff is one a xin fonoea tto,0.0,1.0,0.0
527,gpu 147 158 ss 8767 tsol mem 66ag cpu 16 ra 17121 3060 rtx dedlz 49 vs unreal engine 511 fortnite with naniter lumen rt tsr tero,0.0,1.0,0.0
528,ultrawided go ,0.0,1.0,0.0
529,gpu newsll de0,0.0,1.0,0.0
530,alid radeon rx go00 e nvidia geforce ftx 30 retail price trend 2021 2022 vs german us eurd ue ine etecine lomesl pnces stmapr elales selnreeon lo ncl exchange o aveege ol ot noed tcs s sd cards o carde,0.0,1.0,0.0
531,current peak 30 days hours played last players players striker global 911747 432 836 983 649 084 56 6831 518 attlegrounds 345 492 70687 448 249617 04 956 jends 690 192014 885823 i master duel heft auto v ri adfpoint,0.0,0.939,0.061
532,bbuti will intel fix el the gpu t 8 marketr lreeel,0.0,1.0,0.0
533,newegg shuffle ifinally event ended won do instructions nocrou s picce oreer micnln cne dut tour mabe oconen ueee ncoacone tese veg,0.0,0.844,0.156
534,think before preorderll you,0.0,1.0,0.0
535,,0.0,0.0,0.0
536,intel and nvidia amdi all disappoint ces at infinite halo amd series ryzen 7000 prototype amd reference motherboard 2x16gb ddrs a800 geforce rtx 3080 drive a1212 on v 22000 282 w,0.088,0.912,0.0
537,denoes 6800 xt rx benchmarked vanguard beta eaglesnest lou 4k ultrar high medium low d resolution scaled 1440p and 1080p 8 to near siaee,0.091,0.909,0.0
538,shipping amd ls even gpuss,0.0,1.0,0.0
539,big navi latest re leaksil,0.0,1.0,0.0
540,like,0.0,0.0,1.0
541,aro likea ptq edina muefuneo,0.0,1.0,0.0
542,,0.0,0.0,0.0
543,heane lt beatmaker 3 review myinitial,0.0,1.0,0.0
544,rea thisis theconeid iphone 1a pro for content cteators,0.0,1.0,0.0
545,bil rol ios 12,0.0,1.0,0.0
546,a m,0.0,0.0,0.0
547,,0.0,0.0,0.0
548,lllg adventures cubasexpnack bea tmaking snowmageddon episode 005,0.0,0.745,0.255
549,adventures bea tmaking episode 016 the residence alien,0.0,0.745,0.255
550,consistency lis perfection,0.0,0.351,0.649
551,passion determination vs ecue thie tnie hang aconversation pnut with dj,0.0,0.612,0.388
552,la ile keoclieng the dust driliz layup 0oo,0.0,1.0,0.0
553,la lz layup drillz deratic teoperen rales eeros persise yous,0.0,1.0,0.0
554,layup drillz ferla eadties tone plcos our,0.0,1.0,0.0
555,la layup drillz,0.0,1.0,0.0
556,lal layup ddill z,0.0,1.0,0.0
557,lal lz layup drillz s ll roeleon plloulee odutes youl eudae pere ton ond,0.0,1.0,0.0
558,las z drillz layup,0.0,1.0,0.0
559,der layup dt oo0 oon o,0.0,1.0,0.0
560,prevmed reversed how i 20 years of arterial plaque,0.0,1.0,0.0
561,difference the real between ldl 8 hdle a1 8 apo apo b h d l,0.0,1.0,0.0
562,cyclodextring dissolves cholesterol it crystal miracle drugb s,0.0,0.612,0.388
563,causing ldl ls attackst heart,0.0,1.0,0.0
564,managing cv riske autophagyefasting biomarkers,0.0,1.0,0.0
565,fasting cancer fmdj 8 prolon,0.595,0.405,0.0
566,prevmed need take do really to you aspirin and statinsy this video first watch,0.0,1.0,0.0
567,lifestyles you improved your calcium and score your increasedlz prevmed,0.0,0.744,0.256
568,attack predictiont heart abdominal ct bmi 8 ali vs prevmed,0.279,0.721,0.0
569,prevmed prevmedhealthcom c in,0.0,1.0,0.0
570,live antioxidant this new ls safex,0.0,1.0,0.0
571,prevmed much cholesterol focus too on,0.0,1.0,0.0
572,preumed shorts t low ldl is that probleme a,0.259,0.741,0.0
573,supplements lifestyle vs prevmed,0.0,1.0,0.0
574,zucchini casserole healthys easys yummy,0.0,0.541,0.459
575,live wilagle prevention now myths ttann amazon prevention myths book function vascular tests lllullil,0.0,0.884,0.116
576,interview with mcclatchie goulder drs 8 of attack the heart 8 stroke prevention center,0.22,0.78,0.0
577,repurposing old drugs against covidi9,0.0,1.0,0.0
578,carbs in beer or mwoo wine emooans eyo ses eaeo liquor le,0.0,1.0,0.0
579,web weve got forum a ree nenres heart attack and stroke prevention witd des cond beewet httpelforum premedheartrision,0.162,0.838,0.0
580,philips norelco onobiato 6,0.0,1.0,0.0
581,smart home dood 6,0.0,0.426,0.574
582,73 9a md worth mon 3 ltr 738pm events s5 no 171 6,0.168,0.687,0.145
583,252 6,0.0,1.0,0.0
584,iphone 12 6,0.0,1.0,0.0
585,6,0.0,0.0,0.0
586,google home 6 6 months later,0.0,1.0,0.0
587,6,0.0,0.0,0.0
588,google home features update 6 2018 winter,0.0,1.0,0.0
589,6,0.0,0.0,0.0
590,9a szx 6,0.0,1.0,0.0
591,worth itr o 6,0.0,0.345,0.655
592,sn mater 6,0.0,1.0,0.0
593,6,0.0,0.0,0.0
594,worth ltr 6,0.0,0.345,0.655
595,6,0.0,0.0,0.0
596,goatoe 320 6,0.0,1.0,0.0
597,,0.0,0.0,0.0
598,siri support airplay for sii drt homepod on fa ay,0.0,0.769,0.231
599,ctv apple tv 4k g unboxing,0.0,1.0,0.0
600,linuss a worst ever tip tech,0.506,0.494,0.0
601,pipewire save will linux audio,0.0,0.556,0.444
602,stop destroying foss projectsi,0.744,0.256,0.0
603,why makea terminal in javascriptyy,0.0,1.0,0.0
604,cant why saasung samsuno be xorg ledmonior ledmonior saasung this easyi,0.0,1.0,0.0
605,even cant gimp surpass thisii,0.0,1.0,0.0
606,ibwm the best wm tiling for beginnersy,0.0,0.588,0.412
607,vsilsd exa which will my be replacement ls,0.0,1.0,0.0
608,in redirect toa private life,0.0,1.0,0.0
609,the differnt kinds of window managers,0.0,1.0,0.0
610,systemd more is than an init,0.0,1.0,0.0
611,youtubes spam bot takeover,0.455,0.545,0.0
612,nothing wrong at alli,0.0,0.54,0.46
613,what in the world is punycode,0.0,1.0,0.0
614,ti staying m ale with my im code editor,0.0,1.0,0.0
615,xorg xinput toggleonvoff any input device,0.0,1.0,0.0
616,software minimalism itsmore than justthelines in oro thecode base,0.0,1.0,0.0
617,terminalis you all need fora podcast,0.0,1.0,0.0
618,chatting with the patrons,0.0,1.0,0.0
619,weeklin review 110812019 edition sick,0.452,0.548,0.0
620,psvrh still worthit mied u to get 20187 in rcality,0.0,1.0,0.0
621,arpara 5k icrooled m through the lens,0.0,1.0,0.0
622,lume pad2 mindi blowne,0.0,1.0,0.0
623,urm zloo artv,0.0,1.0,0.0
624,a oculus cable link alternative better 8 cheaper budget,0.0,0.674,0.326
625,bll f trd kcal vive 2020 cosmos,0.0,1.0,0.0
626,ne,0.0,1.0,0.0
627,wow through lens the,0.0,0.441,0.559
628,next dimension podcast bo ss book i,0.0,1.0,0.0
629,magnet,0.0,1.0,0.0
630,douo,0.0,1.0,0.0
631,mrtv dsvre controlle,0.0,1.0,0.0
632,next dimension podcast qo,0.0,1.0,0.0
633,mrtv live skyrim vr pc f standalone launches den,0.0,1.0,0.0
634,syncas s7 e py,0.0,1.0,0.0
635,ote,0.0,1.0,0.0
636,m e,0.0,0.0,0.0
637,e inflight vr,0.0,1.0,0.0
638,lume pad 2 giveaway,0.0,1.0,0.0
639,vs sh vegl sv olympics day g gloves seb vs lambo off s,0.0,1.0,0.0
640,mine bitcoin how to te ulgaby tof gigabnte b instant money,0.0,1.0,0.0
641,ri er,0.0,1.0,0.0
642,ripsaw ll,0.0,1.0,0.0
643,rtx 3060 t rt s gaanr j,0.0,1.0,0.0
644,s2300 rgb overflow,0.0,1.0,0.0
645,fogsz lmdnilee esigned game ls bo intel s zsgo intel core 1,0.0,1.0,0.0
646,s co core b160 flirn,0.0,1.0,0.0
647,tthe idea do wie do tech rebelteon not best,0.296,0.704,0.0
648,maximus xii formula zao,0.0,1.0,0.0
649,mmbbo wdtd,0.0,1.0,0.0
650,thunderbolt 4 for amd poart bssocreator,0.0,1.0,0.0
651,,0.0,0.0,0.0
652,as terlzs,0.0,1.0,0.0
653,d,0.0,0.0,0.0
654,,0.0,0.0,0.0
655,mp500 bam cihr newores t rkaten,0.0,1.0,0.0
656,,0.0,0.0,0.0
657,whats in bag my computex talpel,0.0,1.0,0.0
658,sroner 21b swnz sabrent costotoo coul,0.0,1.0,0.0
659,vision pro aass,0.0,0.5,0.5
660,what is softwared erp,0.0,1.0,0.0
661,independent read more reviews in and rankings the digital transformation report see linkin bio my ident read,0.0,1.0,0.0
662,estimate your implementation timeline,0.0,1.0,0.0
663,what is clio7 a,0.0,1.0,0.0
664,upgrade how to sap sahana ecc to,0.0,1.0,0.0
665,hcm ocm cure t uncertainty for,0.375,0.625,0.0
666,podcast episode ha ecommerce study client case lessons from transformation failure systems erp we love,0.151,0.548,0.301
667,dirty little secrets digital in transformations,0.367,0.633,0.0
668,digitization in 2025 beyond and trends key in enterprise technology,0.0,1.0,0.0
669,episode podcast h52 hot topics organizational change management and culture organizational culture transformation in what is change managementi,0.0,1.0,0.0
670,psychology the of digital transformation,0.0,1.0,0.0
671,learn norein digital free my transtormation report bio seelink in my j ltok digital learn tral ort,0.0,0.82,0.18
672,ror the and value realization 0f digital naok transformation,0.0,0.769,0.231
673,peoplefirst strategies digital in transformation,0.0,1.0,0.0
674,podcast episode h115 top 10 enterprise tech trends digital strategy theory vs reality digital transformation education in,0.0,0.899,0.101
675,d dcl tn l str atosphere stratosphere 2022 810 februarv,0.0,1.0,0.0
676,transformation digital success failure vs,0.33,0.3,0.37
677,podcast episode 4127 afs role creating music in new beatles trendsi technology space in the enterprise life ajunior consultant the of,0.0,0.901,0.099
678,customize 2070 as bos deploying erp which ls ihe sproach lor soarwarer other 700 comt vaniles customaation lat l no imlind 58x ven cugtomienton 288 voles pe customizc much equired 20sh es ds beawl caher comment vbd voins 15 nents repost cdn can nsts impres like send 11878 impre view overwheiming majoriy of nial seoasad that they houcrt,0.037,0.921,0.042
679,f6 one s 16 sap business one rkol,0.0,1.0,0.0
680,pandemic mass vaccination in a benefits risks versus vanden phd geert bossche dvm vejon interviews mmillan philip mcmillan geert vanden bossche dr research,0.085,0.81,0.105
681,the white recent by geert paper vanden bossche the evolution on of the pandemic mmilan estore phillp dr memillan of emicron explained by philip memillan dt gt ncss,0.0,0.928,0.072
682,behind truth the discovery of vaccines mrna saturday 5th june 2021 time 1800 uk a mmillan ms philip robert malone md dr mcmillan research,0.0,0.905,0.095
683,m millan risks of health the research spike protein saturday april 2023 1800 uk time 1st dr mannan balg joachim gerlach dr phillip mcmillan pakistan germany uk,0.077,0.923,0.0
684,switzerland covid stops vaccine reallyy7,0.286,0.714,0.0
685,university vaccine mandates usa in the,0.0,1.0,0.0
686,vejon thailand myocarditis research watch this parents must subscribe,0.0,1.0,0.0
687,vejon conferences covid coalition conference long april saturday 3oth i3ooet llsoo uk time 2022 a speakert seeakerr speakerz cana or breine di mechog van elanog drleo onaand phd swpled sencil aachin cerch d shanie chely di aboomanes bao vute pio dr gup usa ceman soun alfea panelists,0.0,1.0,0.0
688,crowds at did world cup lead to excess deaths subscribe,0.0,1.0,0.0
689,mmillan the missing virology e research immunology in covidi9 censot smith phd o s  o 8,0.18,0.82,0.0
690,divide and conquer through covid19 dr philip mcmillan,0.0,1.0,0.0
691,young old dementia brain brain brain,0.0,1.0,0.0
692,failure of high dose steroidsi oxford recovery trial inconceivabley subscribe,0.268,0.732,0.0
693,autoimmunity in govidig dontlook up memillan dr philip making medicine make sense,0.0,1.0,0.0
694,the sarscov2 patent questions,0.0,1.0,0.0
695,conferences vejon innovative covid solutions long saturday 2athjuly uk time a izoo 2021 buce pateson or anntlle ollinga shanla cheiy tim robnsen dr dr de usa necherands soulh ainea or neil bodie or oln abules prol brust uhe,0.0,0.884,0.116
696,covid vaxilong congress post saturday sunday 26th 27th august 2023 18800 uk time 8 8 long covid presenters coalmon or hude lcmion josalne ocrigen cono dr snrae cltny di bond inige or wrnin bag or nad petr o broen o foon foso plo plo cunld cnanes ringy liba frsalet jeaeny we wacoln none sanon hoe iol,0.0,1.0,0.0
697,covide19 theory of autoimmunity acex to prof bruce uhal philip bodie dr mcmillan dr neil,0.0,1.0,0.0
698,vejon,0.0,1.0,0.0
699,relationships often change when someone has dementia veoonhealt con vejon messace fon details,0.0,1.0,0.0
700,california pre earthg uake signalstt energetic a grand culmination will occur march 7th days 3 t magnetic reconnection events solar cycle 25 plasma spring tide glithospheric loading magnetotail earths the solar flux in extreme moon anomolous schumann resonances,0.0,0.848,0.152
701,cme sun earth brace for impact ch hss,0.0,1.0,0.0
702,higher schumann potentials electron precipitation geomagnetic storms are becoming more frequent ozone destruction stronger uv light,0.193,0.681,0.126
703,pluto schumann burstsil saturn earthquakesi earth critical venus arogeaes energy mercury sun mars alert july 2123,0.117,0.663,0.219
704,water turning water into wine energy quantum infusion dynamics,0.0,0.625,0.375
705,foundational modef 7 83 hz te 015 hz,0.0,1.0,0.0
706,gern is power spikesi changing earthp,0.0,1.0,0.0
707,schumann power grid resonances digestive rhythms health gut 8l emfs complete guide,0.0,1.0,0.0
708,24 hiz 5 ss awakens,0.0,1.0,0.0
709,schumann resonance masterguide,0.0,1.0,0.0
710,f,0.0,0.0,0.0
711,insulation kills magnetism anxiety depression fear,0.858,0.142,0.0
712,consciousness is everywhere including yours westtca bioelectricity series part 1,0.0,1.0,0.0
713,dd tde go do ntials ionosp lonospheric potentials before ter a beforelduringlafter a gag geomagnetic storm i ga ge storm anunug laf od ad su,0.103,0.897,0.0
714,stefan burns live biomagnetic therapy f1 mccarthy with lynn,0.0,1.0,0.0
715,schumane resoares bioelectric database are a unlimited downloads you await,0.0,0.851,0.149
716,yogis why edge have an and anyone be e can one,0.0,1.0,0.0
717,amplitudel from 59 space or earthri,0.0,1.0,0.0
718,300 solar cycle  200  100 0 1750 2000 increasing solar energy,0.0,0.811,0.189
719,,0.0,0.0,0.0
720,pad aftet math sooose,0.0,1.0,0.0
721,years po,0.783,0.217,0.0
722,axiom seodune station,0.0,1.0,0.0
723,update new,0.0,1.0,0.0
724,bea progresst spocsoes,0.0,1.0,0.0
725,4s ed be de ael liy epeageug,0.0,1.0,0.0
726,orbital obue reef,0.0,1.0,0.0
727,first launch zodanmem ronoes,0.0,1.0,0.0
728,update new sorsatet,0.0,1.0,0.0
729,date launch pcegeug,0.0,1.0,0.0
730,ses complications luakot spoee,0.0,1.0,0.0
731,old new uae poer,0.0,1.0,0.0
732,update spacabucie mne,0.0,1.0,0.0
733,cancelled luake spage,0.5,0.5,0.0
734,launch spacoeuctet operations,0.0,1.0,0.0
735,hls complications mespacouct,0.0,1.0,0.0
736,needs repairs nospacoucte,0.0,1.0,0.0
737,updarte nospacceuct,0.0,1.0,0.0
738,10 years 3 years lad poer,0.0,1.0,0.0
739,3 spacceugtet tne flights per dayb,0.0,1.0,0.0
740,eeeerie oee googlearh,0.0,1.0,0.0
741,cillmateviener by jim lee mraoane image com arigiow o  l lonospherc heales sounuae rockets z nrora ateon 43 miles satsule s rad sae uanamorcannistioico lasers cloud s scedl nocnukant clolb b cloud lonter urgon 53 miles sunafe aanora ricrlon s ns someee s ship tracks contrallinduced cmn nater vper pollution crons 51 miles laer  30k foct s cans arrnorees 2018 neather nodification technologies nolned tn,0.0,1.0,0.0
742,,0.0,0.0,0.0
743,climateviewer 3d tutorial climateviewerorg,0.0,1.0,0.0
744,lucie audette united states c e protection ntal senior policy adviser us environmental protection agency t epad,0.0,0.823,0.177
745,6 sustainable living,0.0,1.0,0.0
746,ualtes cancelledi gates solar geoengineering experiment scopex bill bill gates will have wait while sun to to block the a,0.139,0.861,0.0
747,,0.0,0.0,0.0
748,cia are the weathermen irant israel stole our clouds climateviewercom,0.0,1.0,0.0
749,carvanio mid crom climateviewer 81171 2016 recorded,0.0,1.0,0.0
750,vanguard blackrock hathaway berkshire inc street state stanley morgan jpmorgan chast s co bank of america parametric saoclanan welli ngton dodge cox s management northern capital 39 group capitalkkr iaus,0.0,1.0,0.0
751,wclimateviewer atmospheres one independent an expert review modification solar radiation on research and deployment un environment programme,0.0,1.0,0.0
752,22nd conference on planned and inadvertent weather modification center boston convention and exhibition 2020 january 17 5,0.0,1.0,0.0
753,sc co soe ste soe dcos ototos conon es cuvn cner eree ome r bn ctee cattocies all uael terenns eeal weaniee regmeteng esaa notd escee td cee las ropen d,0.0,1.0,0.0
754,uhp sur pzext lay de faceoon the desert endires dally newspader ce xi nos 134 zo pogee z sectiono palm springs colfornla soturdey jensary 4l 14sa af gives village choices 2 live with trails or move,0.0,1.0,0.0
755,goes din cumate evier jd map layers ass s,0.333,0.667,0.0
756,clntenee moes ger nendtiosee amazing maps climateviewerorg,0.0,0.612,0.388
757,google motamtucn creatagain 1141623 aralyics wdeo mansoer remoned this video because vlolastes conmunty weve n our guidelines youll be able vlen tls ndeo for 7 from when r to days acoeal ihis decision removed this peariod allows to ramaw the content and was yo decids whether wish to submit appeal you an,0.0,0.947,0.053
758,ioomins t control nolatent heating vs,0.0,1.0,0.0
759,cvnens climateviewer com do,0.0,1.0,0.0
760,,0.0,0.0,0.0
761,,0.0,0.0,0.0
762,,0.0,0.0,0.0
763,miwrndowsss,0.0,1.0,0.0
764,,0.0,0.0,0.0
765,,0.0,0.0,0.0
766,,0.0,0.0,0.0
767,rarry shape ur,0.0,1.0,0.0
768,deano,0.0,1.0,0.0
769,,0.0,0.0,0.0
770,,0.0,0.0,0.0
771,,0.0,0.0,0.0
772,vaclw conn,0.0,1.0,0.0
773,,0.0,0.0,0.0
774,nina laas e 80z0 239,0.0,1.0,0.0
775,,0.0,0.0,0.0
776,,0.0,0.0,0.0
777,,0.0,0.0,0.0
778,,0.0,0.0,0.0
779,,0.0,0.0,0.0
780,saleaxy kot ny,0.0,1.0,0.0
781,,0.0,0.0,0.0
782,kst k lg,0.0,1.0,0.0
783,el,0.0,1.0,0.0
784,n200 n200 n200,0.0,1.0,0.0
785,boost moblle unlimited 445 talk 8 text data lg stylosx dee s d os uee te cs cae oe,0.0,0.847,0.153
786,samsung 282 thu june 25 aot,0.0,1.0,0.0
787,k20 lg pue lg kzo plus 707 metropcs g,0.0,1.0,0.0
788,caasan sc snnsung crsund,0.0,1.0,0.0
789,fastest 312 mon juy 09 phone under s160,0.0,1.0,0.0
790,a,0.0,0.0,0.0
791,g refine pixel3 3123,0.0,1.0,0.0
792,leaks,0.0,1.0,0.0
793,,0.0,0.0,0.0
794,tcl tclstylusso s,0.0,1.0,0.0
795,galaxy a53 5g sosuig,0.0,1.0,0.0
796,hd video canon inroomnsss gmmn te,0.0,1.0,0.0
797,801,0.0,1.0,0.0
798,,0.0,0.0,0.0
799,macon amazon,0.0,0.37,0.63
800,oh d,0.0,1.0,0.0
801,m1 sorry intel,0.394,0.606,0.0
802,introducing m2 macbook,0.0,1.0,0.0
803,2oz roadmap m2,0.0,1.0,0.0
804,552,0.0,1.0,0.0
805,macstudio peek performance,0.0,1.0,0.0
806,ithad gok to,0.0,1.0,0.0
807,wwdce,0.0,1.0,0.0
808,s 181 m1 max prol m1 max,0.0,1.0,0.0
809,15 air 20231,0.0,1.0,0.0
810,ulgra,0.0,1.0,0.0
811,incredible valuel s xsuw,0.0,1.0,0.0
812,icavedave s,0.0,1.0,0.0
813,icave liuel perting e 1a70,0.0,1.0,0.0
814,icavedave live dn aur,0.0,1.0,0.0
815,d 16,0.0,1.0,0.0
816,gifts perfect kaz apple aee,0.0,0.519,0.481
817,aapl financials apple game post ooen indnee anptan appls ddestend die ules iphens iomaten seor modue ler cocino ns faceboolins ameo,0.163,0.837,0.0
818,cavi on airi ave,0.0,1.0,0.0
819,juggernaut win cod mobile ipad on 5th gen liming on ipad call,0.0,0.743,0.257
820,certificate tlls google pro have that can cybersecurity google professional certificate degree no or tbls path cbersecunty in thls ls youl 1o a career in cetificat youn et prsedn hale cotnea tnat can you na ulges superen se instrug c instructor top in top nstuctor worth it3,0.045,0.842,0.113
821,reading csv json o 8 from cloud storage google cloud platform,0.0,1.0,0.0
822,best statistics book,0.0,0.323,0.677
823,machine learning seconds in 30,0.0,1.0,0.0
824,explain nlp model lime,0.0,1.0,0.0
825,gpta model architecture leakedi,0.0,1.0,0.0
826,takeaways ys ta,0.0,1.0,0.0
827,data scientist vs engineer ml better optionst,0.0,0.674,0.326
828,download google python enr data,0.0,1.0,0.0
829,llmops best practices,0.0,0.323,0.677
830,avoid data science burnout,0.423,0.577,0.0
831,for yourself,0.0,1.0,0.0
832,complete to guide data science certifications,0.0,1.0,0.0
833,stories data,0.0,1.0,0.0
834,02270 the d real e9 cost of llmops,0.0,1.0,0.0
835,is etherscan api worth it1,0.0,0.678,0.322
836,this home take test is too much,0.0,1.0,0.0
837,data science masters degree worth iti,0.0,0.725,0.275
838,but but,0.0,1.0,0.0
839,the metaverse ad model,0.0,1.0,0.0
840,s,0.0,0.0,0.0
841,    s,0.0,0.0,0.0
842,ic ic types of packages package dip sil pga sop ssop tssop qfp qfn tofp bga lga by engincering think it simple,0.0,1.0,0.0
843,,0.0,0.0,0.0
844,,0.0,0.0,0.0
845,ian t r so t sd sa c,0.0,1.0,0.0
846,eae ioe sl uns  andd ne st 6 9on dood soos n zn,0.0,1.0,0.0
847,s a s,0.0,0.0,0.0
848,ta a ea za 18 3a a c,0.0,1.0,0.0
849,als 601,0.0,1.0,0.0
850,circular linear to crank subscaibe,0.0,1.0,0.0
851,subscribe fors click the wideb omilete link below psription,0.0,1.0,0.0
852,ae,0.0,1.0,0.0
853,desoldering smd with ic aluminium foil nonesticky foil sticky foil,0.0,1.0,0.0
854,optocoupler z optocoupler cs types introduction what applications working,0.0,1.0,0.0
855, e cal e ,0.0,1.0,0.0
856,testing in4007 diode with automatic component tester pen oca think simple it subecabe lt tae oootoe,0.0,1.0,0.0
857,sensor force monitor on bargraph arduino no,0.268,0.732,0.0
858,solid state relay ssri electromagnetic relays emri differences the difference you need to know about,0.0,0.897,0.103
859,how ultrasound works think simple by engineering lt,0.0,1.0,0.0
860,sullings how to eoced tan elel cnan remove 360 security antivinus coos phvicr s seclfoty malware fraudulen rebele oniphone alor mecetes to cncer android 8,0.0,0.902,0.098
861,bea ny et i,0.0,1.0,0.0
862,to welcome com cyberguy the kurt cyberguy ce,0.0,0.7,0.3
863,allmak home family cuannes,0.0,1.0,0.0
864,get free my cyberguy newsleter alerts security rewiens smarter tech you make tipst quick to howtos easy and,0.0,0.547,0.453
865,road trip fax s15 tech bec how to get your car ready an adventure for,0.0,0.73,0.27
866,life your simplify this with alpowered mower co,0.0,1.0,0.0
867,facebooks stealthy data harvesting information your remove to how gs,0.109,0.891,0.0
868,proteo your wallet a create to how wallet digital gs,0.0,0.792,0.208
869,best cyber monday deals ce,0.0,0.488,0.512
870,ultimate iphone privacy hack gs,0.0,1.0,0.0
871,for tips top 5 stressree g 5 s ounaoos c s holiday fubo travel ga,0.0,0.609,0.391
872,secure iphone notes from snoops go,0.0,0.676,0.324
873,,0.0,0.0,0.0
874,browser running slowr supercharge to how browser your go,0.0,1.0,0.0
875,hot iphone cool solutions go,0.0,0.429,0.571
876,email large files apc android on ce,0.0,1.0,0.0
877,your keep family safe with maps google go,0.0,0.707,0.293
878,b top wireless earbuds gs,0.0,0.625,0.375
879,personalize own your iphone fonts gs,0.0,1.0,0.0
880,redmi note 17 redmi note pro 11,0.0,1.0,0.0
881,pro reno7 oppo,0.0,1.0,0.0
882,11t note d pro,0.0,1.0,0.0
883,ni lite xiaomi 12 xiaom cee,0.0,1.0,0.0
884,60 iphone 14 pro diamonds purple t,0.0,1.0,0.0
885,redmo smart band 2 s y g,0.0,0.426,0.574
886,oppo find n,0.0,1.0,0.0
887,redmi kooe,0.0,1.0,0.0
888,gt x pocoflgt,0.0,0.323,0.677
889,ni civls don civls,0.0,1.0,0.0
890,155 gatie mvef tlot,0.0,1.0,0.0
891,pocket p50,0.0,1.0,0.0
892,dpzo pro bilateral laser meter,0.0,1.0,0.0
893,vivo,0.0,1.0,0.0
894,1s hivl vtas xiaomicy,0.0,1.0,0.0
895,,0.0,0.0,0.0
896,t pro 11 note sg prot t note redmi,0.0,1.0,0.0
897,cavdle transperent lid composter,0.0,1.0,0.0
898,6  n,0.0,0.0,0.0
899,oo,0.0,1.0,0.0
900,time real sequencing anywhere,0.0,1.0,0.0
901,miseg milnion cona s drecl rna ruods and axcurey onang nane bunon cse on coneno cios ou ca laud ci el ouanopore naiotoel,0.0,1.0,0.0
902,nanopore lras longread aligner for a sequences and assembly contigs jingwen ren unnersily soulhern calilomia usa of 0 nanopore community meeting 2020,0.0,1.0,0.0
903,,0.0,0.0,0.0
904,resusts aod miont oot feuoneed tel uttad oo oel toen dnenopoecnn cnanororocont onanoroe s ae oconcaos beatte octng cntsen dls ttos teoreoes ane maen oerctd ooe mnt don o anoliel oeo con doe oult od c,0.0,1.0,0.0
905,ourod lc a,0.0,1.0,0.0
906,,0.0,0.0,0.0
907,sip results ial sppcriesn mde boase hand onano nanor croton,0.0,0.738,0.262
908,aie gem manoroae o uams nan ore ity noeorl nopore urly,0.0,1.0,0.0
909,poreac detects topologically associating domains tadsi chonased 5 ol tads 8201 sokdp median jengi b unanoporoconl ununoponcont o nanorese oatr ouotntoe on cle t te lo oae coeee ion c,0.0,1.0,0.0
910,lc genetic and epigenetic profling of complex chromosomal in rearrangements sonic hedgehog medulloblastoma a sample from patient with li fraumeni a syndrome rene snajder onanopone o,0.0,1.0,0.0
911,lu le lu lun lse lc lc lc lc l lc lc lc lc le lc l l lc lc lc,0.0,1.0,0.0
912,nanopore sarscovz outbreak investigationt from sample to in day response a aine o toole the uniwersily edintburgh of uk 0 nanopore community meeting 2020,0.0,1.0,0.0
913,01 highthroughput ultra long dna r101 41 sequencing using unanoporecont cta,0.0,1.0,0.0
914,sarscov2 coastocoast spread of during epidemic united states the early in the lc joseph fauver yale school of public usa health iondoncallingonf uk co,0.0,0.891,0.109
915,these arent the telomeres youre looking for nanopore nanobore,0.0,1.0,0.0
916,,0.0,0.0,0.0
917,sample preparations edna wolf feces t,0.0,1.0,0.0
918,lc sy ceseireh lc nnanoporecont cuod one,0.0,1.0,0.0
919,positis delegate ate lc lc,0.0,1.0,0.0
920,dra d,0.0,1.0,0.0
921,lnooee ixi6s expresslrs set up mdl e,0.0,1.0,0.0
922,,0.0,0.0,0.0
923,,0.0,0.0,0.0
924,what reviewers e cant say s goggles v2 dji fpv,0.0,1.0,0.0
925,l,0.0,0.0,0.0
926,baby is ripper,0.0,1.0,0.0
927,betafpv rs flash 8 bind fc betafpv elrs  1s toothpick drone with elrs rx,0.0,1.0,0.0
928,learn this i,0.0,1.0,0.0
929,wrongi olbot,0.0,1.0,0.0
930,feats,0.0,1.0,0.0
931,,0.0,0.0,0.0
932,kiss allin one esca fce,0.0,0.588,0.412
933,betafpv twig xl 35 gbetae,0.0,1.0,0.0
934,s setup vour transmitter betafpv sa expresslrs,0.0,1.0,0.0
935,dron,0.0,1.0,0.0
936,s frv niew fav view goggle goe ack 11 gopro black,0.0,0.75,0.25
937,future of racing edv,0.0,1.0,0.0
938,transplanti fpv 254 shark ripper byte gerte,0.0,1.0,0.0
939,,0.0,0.0,0.0
940,oed,0.0,1.0,0.0
941,ale saramanico lwal,0.0,1.0,0.0
942,,0.0,0.0,0.0
943,8,0.0,0.0,0.0
944,s,0.0,0.0,0.0
945,,0.0,0.0,0.0
946,subscribe vidio ful bio,0.0,1.0,0.0
947,,0.0,0.0,0.0
948,ceafco d hakil mix s raovate hakis,0.0,1.0,0.0
949,digitl,0.0,1.0,0.0
950,,0.0,0.0,0.0
951,unknown persont 85z ls ghalt,0.0,1.0,0.0
952,ingenious tools gadgets,0.0,1.0,0.0
953,,0.0,0.0,0.0
954,prusa yet scann,0.0,1.0,0.0
955,,0.0,0.0,0.0
956,,0.0,0.0,0.0
957,,0.0,0.0,0.0
958,frame laser en e,0.0,1.0,0.0
959,tery,0.0,1.0,0.0
960,ceon,0.0,1.0,0.0
961,s revopoint s s s  how to use revo studio,0.0,1.0,0.0
962,revopoint e e tutorial revopoint how the dual axis turntable to use,0.0,1.0,0.0
963,revopoint revo scan 5 ahnanc mesuhe comalcte scontroa loung epenence u reoeo lee out now,0.0,1.0,0.0
964,revopoint e hu oo s un revo scan 5 scanning full body 3d 8 editing with revo scan 5 i putv tips,0.0,1.0,0.0
965,i niens coro porble urlabe qucene re sumee oo plt enelcalneil popt o  s s  o o e s s g d maniers eld tart ptone puat banl ccone usonig cnl vobeccos amierl,0.0,1.0,0.0
966,revopoint s revopoint mini 3d scanner scan racecar cylinder head reverse engineering a dude achannel ted that engineering,0.0,1.0,0.0
967,revopoint mini coiving soon,0.0,1.0,0.0
968,revopoint  secret scans revealed s come 8 ask inspe ess your questions fes  s stabilizer handheld,0.0,1.0,0.0
969,,0.0,0.0,0.0
970,fonyw black object scana thin and fper rluoads fe eroxee do cees toe ouuten otude luter,0.0,1.0,0.0
971,lek,0.0,1.0,0.0
972, revopoint z w inidonyos revopoint mini 3d scanner miniature amanbo,0.0,1.0,0.0
973,revopoint pocketsized power edi aug 1c 225 5 am,0.0,1.0,0.0
974,revopoin 3831 gi,0.0,1.0,0.0
975,prret accuracy pop2 scan 3d fossil pterosaur,0.0,1.0,0.0
976,,0.0,0.0,0.0
977,revopoint s revopoint s w s revopoint range 3d scanner scan whole tire with one simple trick a,0.091,0.909,0.0
978,,0.0,0.0,0.0
979,s revopoint inspire 3d scanner s size big surprise small e mode d,0.0,0.547,0.453
980,elons bigfear,0.0,1.0,0.0
981,resveratrol controversy update coceiol tage lsn,0.0,1.0,0.0
982,ma,0.0,1.0,0.0
983,the benefits of vitamin l lsn,0.0,0.385,0.615
984,,0.0,0.0,0.0
985,10 2 not why,0.0,1.0,0.0
986,s26m longevity on,0.0,1.0,0.0
987,can quantum computers crack agingr x10 lsn,0.0,1.0,0.0
988,smash aging,0.0,1.0,0.0
989,longevity to collaboration in with research sens masses the foundation romaane gune tie lsn,0.0,1.0,0.0
990,10 dna tangled,0.0,1.0,0.0
991,ded t oio101 do lioliodddi lolio oll oll olio oioiooooo1 totom ol o10 binary oiion o1001 oloio0 loommo o1 00 dioio oood bio110 oiolo1o0 oommi aging poocoo oooolnon too ooo1 ooini oooomioldoll io o1 o1 oolid ooi cock o100 loion oho lioio loimioio oioo dioo ol llodooi loioo immooi aal lo1000 lio pitom oiomo o io dooii oioio oooimio oo o1o1 l li loo oll lo1 ommmoio loio10oodoi olld loo oll i loion oloi lo1o1o d lo1lo1on loioo loioit oooooo 10 no lifespannewes,0.048,0.952,0.0
992,gut worms agingi against 10 lifespantens,0.0,1.0,0.0
993,10 tech worldchanging,0.0,1.0,0.0
994,10 cells your in books,0.0,1.0,0.0
995,,0.0,0.0,0.0
996,dna mismatch repair,0.0,1.0,0.0
997,youne mouse nolse circulatory linking the systems of old and young rejuvenated the mice oid ones,0.0,1.0,0.0
998,,0.0,0.0,0.0
999,are yol epigenetic clocks can tell how much cder lor than younger are your age you,0.0,1.0,0.0
1000,samsung galaxyag soen androld,0.0,1.0,0.0
1001,,0.0,0.0,0.0
1002,,0.0,0.0,0.0
1003,ba tud cul,0.0,1.0,0.0
1004,meican,0.0,1.0,0.0
1005,tws fly,0.0,1.0,0.0
1006,prefix table 107 2 t pico 10 tera g 105 105 giga nano e 106 10g micro mega a 10 kilo mili 10a m 10 10r hecto centi 10 10 d deca deci decreasing increasing value value blue indicates the of memorizing this table arrow easy way,0.0,0.828,0.172
1007,rate the cuteness,0.0,0.377,0.623
1008,outside 114f 60 distancetc 114f 52 80 omg otal averstance 893 ta m,0.0,1.0,0.0
1009,til b brand from dubai dr h s,0.0,1.0,0.0
1010,e n 3d printing fun,0.0,0.377,0.623
1011,,0.0,0.0,0.0
1012,,0.0,0.0,0.0
1013,elos tktok fans they haver,0.0,1.0,0.0
1014, outside 99 ce 60 distancetol tistance to total aver 30 893 7 hold tore otal od aver d s  ola o s,0.0,1.0,0.0
1015,toflize indee bleen his hean olaine nulad a a,0.0,1.0,0.0
1016,,0.0,0.0,0.0
1017,,0.0,0.0,0.0
1018,,0.0,0.0,0.0
1019,raiol,0.0,1.0,0.0
1020,,0.0,0.0,0.0
1021,nseune saes ooind,0.0,1.0,0.0
1022,us sure pedia itior,0.0,0.566,0.434
1023,,0.0,0.0,0.0
1024,,0.0,0.0,0.0
1025,2unit total quariz tooo iowao total quartz 1ow4o,0.0,1.0,0.0
1026,,0.0,0.0,0.0
1027,,0.0,0.0,0.0
1028,,0.0,0.0,0.0
1029,,0.0,0.0,0.0
1030,tin,0.0,1.0,0.0
1031,whitenoodles,0.0,1.0,0.0
1032,the best reversing,0.0,0.323,0.677
1033,,0.0,0.0,0.0
1034,,0.0,0.0,0.0
1035,cosmi cosmic  s o,0.0,1.0,0.0
1036,reverse zake animals toy,0.0,1.0,0.0
1037,reversing makeups shredding,0.0,1.0,0.0
1038,,0.0,0.0,0.0
1039,nice shredding,0.0,0.263,0.737
1040,best tig welders esab s,0.0,0.417,0.583
1041,es,0.0,1.0,0.0
1042,evap smoke machine bue,0.0,1.0,0.0
1043,anion ha j20 best navigation gps,0.0,0.377,0.623
1044,best light therapy lamps,0.0,0.417,0.583
1045,best motorcycle helmet dscon cameras,0.0,0.488,0.512
1046,top carp fishing 5 and reels rods,0.0,0.735,0.265
1047,callaa best golf swing trainers,0.0,0.488,0.512
1048,best booty bands,0.0,0.323,0.677
1049,top 5 pier fishing rods,0.0,0.625,0.375
1050,best shoulder braces,0.0,0.323,0.677
1051,top downbeats s earplugs for motorcycle,0.0,0.69,0.31
1052,best weighted blankets for kids,0.0,0.488,0.512
1053,best sunglasses 2023,0.0,0.323,0.677
1054,5 top pancake griddles 2022,0.0,0.625,0.375
1055,top gps watches l aor sato,0.0,0.69,0.31
1056,top w 5 fishing kayak rods,0.0,0.625,0.375
1057,tod den 5 sung give trout rod,0.0,1.0,0.0
1058,ranger reanger best tick eanidin oon de cot vol cese repellents,0.0,0.704,0.296
1059,top caat 5 power tool sets ccele,0.0,0.735,0.265
1060,alright,0.0,0.0,1.0
1061,whenyou 520 install a alexpresspower supply s6o00 pc in a,0.0,1.0,0.0
1062,cerr microatx 4090 a just fine looks eari,0.0,0.769,0.231
1063,sati satisfactory,0.0,0.286,0.714
1064,thermaltake core p5 builed,0.0,1.0,0.0
1065,btes getib well,0.0,0.488,0.512
1066,eua luand ufetoe,0.0,1.0,0.0
1067,,0.0,0.0,0.0
1068,,0.0,0.0,0.0
1069,,0.0,0.0,0.0
1070,,0.0,0.0,0.0
1071,narsoet nman doost voun oseiles ein diaw tsn off shop e save,0.0,0.758,0.242
1072,,0.0,0.0,0.0
1073,ces2023,0.0,1.0,0.0
1074,,0.0,0.0,0.0
1075,wth pc first time builder pove b wthere o we 89 goc d,0.274,0.726,0.0
1076,,0.0,0.0,0.0
1077,,0.0,0.0,0.0
1078,nvidia rtx vidoo super rosolution is ni available now the with release of ths quaphics oiveg neun nvidia unabled has support lor ts super soution olution recn lor vioeos d e n esolution p onnen gpus d 0 gpus owne can can now oualty an age nis s rechncogy an quality now en ige unet the rix video supar ra this is technology n video that rtx wa e supen re ge,0.0,0.851,0.149
1079,ces2023,0.0,1.0,0.0
1080,infamous problem 12 8 10 5 stan ulam 2 8 16 4 collatz lothar,0.252,0.748,0.0
1081,,0.0,0.0,0.0
1082,from problem one,0.574,0.426,0.0
1083,granh d eteins 2 painteare hopf,0.0,1.0,0.0
1084,fields cs f zp finite smallest translation ee p arithmetic physics padic physics evolving spin networks foam spin quantization gravity loop gravity quantum directed multigraphs quivers substitution rules evolution emerging grammar space boolean heyting topos of ss change logic generalized theory sets spresheaves set zfc zfc ist t nonstandard sr classical math language extension steroids on,0.0,1.0,0.0
1085,lrachten berd gifted the movie from 2017,0.0,1.0,0.0
1086,reach out class to the paper chase 1973,0.0,0.864,0.136
1087,vlo e one negative eigenvalue zero one unstable enot asymptotically stablel,0.437,0.563,0.0
1088,lnit is doubkanscals re 2d s moel oraes ot meeten e la eo oal probeonl rcunl l c e dx dy mapt tee bis  lus are shude nare anh d na denbey aaos lalom k sp,0.125,0.875,0.0
1089,ll bid,0.0,1.0,0.0
1090,ll back the went nest lo may 9 2021,0.0,1.0,0.0
1091,verous liuteng more singrlian lusemill tors or san sta as,0.0,1.0,0.0
1092,data from 10000 data pointss with arcsin distribution added in of 10 steps are,0.0,1.0,0.0
1093,,0.0,0.0,0.0
1094,soludestorons iesissed second edition wiley ind,0.0,1.0,0.0
1095,topological lopos,0.0,1.0,0.0
1096,,0.0,0.0,0.0
1097,,0.0,0.0,0.0
1098,,0.0,0.0,0.0
1099,,0.0,0.0,0.0
1100,,0.0,0.0,0.0
1101,,0.0,0.0,0.0
1102,,0.0,0.0,0.0
1103,tn,0.0,1.0,0.0
1104,,0.0,0.0,0.0
1105,vaming com enerc sers 108 wh ee zoxwh 84 a satgeskwh 50 tst,0.0,1.0,0.0
1106,cofa sucove current voltage dee sesew kywh energy power tvid,0.0,0.811,0.189
1107,,0.0,0.0,0.0
1108,,0.0,0.0,0.0
1109,,0.0,0.0,0.0
1110,,0.0,0.0,0.0
1111,wind zones 2 wind power low in update,0.259,0.741,0.0
1112,,0.0,0.0,0.0
1113,os,0.0,1.0,0.0
1114,pl,0.0,1.0,0.0
1115,dackyard chi ckens heated dolar floor,0.0,1.0,0.0
1116,,0.0,0.0,0.0
1117,,0.0,0.0,0.0
1118,,0.0,0.0,0.0
1119,,0.0,0.0,0.0
1120,5 best magnetic wwwwwl gun mount,0.25,0.312,0.438
1121,5 best compound bow s600 under,0.0,0.488,0.512
1122,5 best manual vacuum pool,0.0,0.417,0.583
1123,5 best automotive multimeter,0.0,0.323,0.677
1124,best hills tractor,0.0,0.323,0.677
1125,5 best kayak trolling motor,0.0,0.417,0.583
1126,5 best pool robot cleaner,0.0,0.253,0.747
1127,5 best pool chlorine,0.0,0.323,0.677
1128,5 best zoom calling tablet,0.0,0.417,0.583
1129,0,0.0,0.0,0.0
1130,5 best hunting crossbow,0.0,0.323,0.677
1131,5 best fishing ice fish finder,0.0,0.488,0.512
1132,5 best hunnting compound bow,0.0,0.417,0.583
1133,5 best beginners mig welder,0.0,0.417,0.583
1134,,0.0,0.0,0.0
1135,,0.0,0.0,0.0
1136,,0.0,0.0,0.0
1137,5 best handheld car vacuum,0.0,0.417,0.583
1138,back pain relief ultimate pain relief for lower back hips s joints seat comfort,0.359,0.286,0.355
1139,,0.0,0.0,0.0
1140,,0.0,0.0,0.0
1141,,0.0,0.0,0.0
1142,,0.0,0.0,0.0
1143,,0.0,0.0,0.0
1144,easy installation diy projects battery charging 6 volt 12 yolt 24 volt,0.0,0.775,0.225
1145,,0.0,0.0,0.0
1146,offgrid portable power,0.0,1.0,0.0
1147,,0.0,0.0,0.0
1148,,0.0,0.0,0.0
1149,reposter,0.0,1.0,0.0
1150,wait for ith,0.0,1.0,0.0
1151,,0.0,0.0,0.0
1152,kite looping,0.0,1.0,0.0
1153,clip on tree install,0.0,1.0,0.0
1154,diy growing dome green house part 1 a season food production,0.0,0.825,0.175
1155,,0.0,0.0,0.0
1156,,0.0,0.0,0.0
1157,,0.0,0.0,0.0
1158,,0.0,0.0,0.0
1159,reposter ic pncn,0.0,1.0,0.0
1160,,0.0,0.0,0.0
1161,,0.0,0.0,0.0
1162,overcoming chronic illness podcast hosted by rade dr bryan nd comprehensive strategies for complex chronic illness todd maderis with dr nd,0.213,0.709,0.079
1163,,0.0,0.0,0.0
1164,overcoming chronic illness podcast hosted by rade dre bryan nd mcas mold and more with tessier dr lauren nd,0.13,0.87,0.0
1165,,0.0,0.0,0.0
1166,overcoming chronic podcast illness hosted by rade nd dra bryan moldi lymph and more with bridgit danner lac,0.137,0.863,0.0
1167,,0.0,0.0,0.0
1168,,0.0,0.0,0.0
1169,,0.0,0.0,0.0
1170,,0.0,0.0,0.0
1171,,0.0,0.0,0.0
1172,,0.0,0.0,0.0
1173,,0.0,0.0,0.0
1174,,0.0,0.0,0.0
1175,,0.0,0.0,0.0
1176,,0.0,0.0,0.0
1177,,0.0,0.0,0.0
1178,,0.0,0.0,0.0
1179,,0.0,0.0,0.0
1180,cybersecurity month awareness men t r uncle sam says reasu v pay don the ransom t elsel or,0.097,0.903,0.0
1181,the dark web uncovered criminals how use work together to of the ebay use the dark web to hack you,0.163,0.837,0.0
1182,follow up video se jolflors universial healthcare systems cyber attack,0.256,0.744,0.0
1183,s theyre with working 3rd party experts,0.0,0.649,0.351
1184,the token is sent the to users device,0.0,1.0,0.0
1185,within,0.0,1.0,0.0
1186,all ne all time the s d,0.0,1.0,0.0
1187,change a to ransomware bryan hornung ceo it solutions xact,0.0,0.825,0.175
1188,the evolution ransomware of bryan hornung ceo xact it solutions,0.0,0.841,0.159
1189,typically impersonating high profile individuals,0.0,1.0,0.0
1190,e nouier cl lrainre lnd taaree hee piocramtnet why a quarterly review ls not enough,0.0,1.0,0.0
1191,lolou utigltl roinn chenrsende funt,0.0,1.0,0.0
1192,you con,0.0,1.0,0.0
1193,kansas had security a basically audit saying that kans urity mnaens s s,0.0,0.789,0.211
1194,b boomi,0.0,1.0,0.0
1195,new episode podcast squawk security kictm caubon byonhans soeee ullau muih,0.0,0.806,0.194
1196,l edn s what can mssp do business for your,0.0,1.0,0.0
1197,that will lead to you a,0.0,1.0,0.0
1198,within,0.0,1.0,0.0
1199,it mentioned in previous video the have where you lt in i m,0.0,1.0,0.0
1200,peres ls tyro ss 129 cs kash,0.0,1.0,0.0
1201,vs,0.0,1.0,0.0
1202,,0.0,0.0,0.0
1203,pp 2agh rx dla pp the game changer happy odel,0.0,0.709,0.291
1204,s calibration tbs mambo,0.0,1.0,0.0
1205,most expensive build,0.0,1.0,0.0
1206,caddx vista atto tame control,0.0,1.0,0.0
1207,e max solo eace rush dlo,0.0,1.0,0.0
1208,goggle v vs goggle 2,0.0,1.0,0.0
1209,,0.0,0.0,0.0
1210,saos frame build v2 515,0.0,1.0,0.0
1211,kiss e ultra fcfc v2 soo u kiss 9326 881817,0.0,0.517,0.483
1212,s s e e,0.0,0.0,0.0
1213,fov aooc my fpv orqja pilot one,0.0,1.0,0.0
1214,flyfishrc osh osprey antenna,0.0,1.0,0.0
1215,blelsuntesz szaod owcomo away ulolcld ulien lts cceue ts teole ntaraee ortene lunee esc ctud notore tone neeraegs esce unlunown esc l ame rtec or eers for ery bliell 2 remesions es moles voldna lelrnpne duos me beaconislooe volnne cimeae 8 3 rel o po oees tntung cedee blheli odd 1g lou od realeoey sia conflo rote oir suc edlcon caveic s s cute pe cok a ilad coteet ees doto looded,0.083,0.839,0.078
1216,fpy cycle azaasdoky 2104 m3,0.0,1.0,0.0
1217,100 mhz best light weight inch quad 5 frame on ban ggood com,0.202,0.562,0.236
1218,will t s blades fly2 s blades,0.0,1.0,0.0
1219,no drone was harmed in the making of this video,0.398,0.602,0.0
1220,were clear running deomca dan,0.0,0.606,0.394
1221,kubect kind contalner n conlainer proxy dns sluft api server senice control control nginx nginx nginx nginx contalners containers pod pod 2 pod 3 pod t s control node control node worker node worker node worker node container conta container container conta ner ner docker deshaop host,0.0,0.923,0.077
1222,aws edukit cloud connected blinky app dealoper enrronment abstor cote 1or deice allinky specie tere sunan mseoud ungies tu cid aso co lotee tne ed dron tw ounl doted uaco urel mrls onoly dald tomun cndld mws lol uo mtlsen lan mani caun dlent olmy loao d cald ll v slr llaici coul ncoon omlo lee ms neoin aion deane su tocouo cloie eo cora cu dod corno,0.0,0.959,0.041
1223,kubernetes dashboard witmulinode kubernetes on alaptor one citen e ce,0.0,1.0,0.0
1224,socsces bozo cad ta tn gzn dtas aoesstt joot otan des lut torcine gies soo daae dea lotel oss glss dzes soovze toleg duos gzen el ouesico ocasain gzen ele tonens cotes coateetoo ooosod oe,0.0,1.0,0.0
1225,d ficen aontn tos o ad an nnorel aunsud g p pesuoaig tes deing ace emmos gaeue mecen c cne cne ie es,0.0,1.0,0.0
1226,html nteps duloe blog ireemansof compozooaschema schena unwnte one read ves uls sern doe ran,0.0,1.0,0.0
1227,shork seeytnod sntwos cen e cmnlite soa over ooo pps oedtion  e enols ervo crou hit ilnubconz fneemensany e neoh lo ieurlliote aetcenin co e alete s ce,0.0,1.0,0.0
1228,oe iwish knewthis and that before tooka new job i hlitng lerel jod title aerage and atriion enure rates tide diferences balancing salaryibonus job derent oflers rc borus vesting cignizaton adence team anccufs of famillial bonds and matter ume l npout cross clibntions soncthing diversity clsc er ine best sf manager arne atings and year lo ior nccntres internal policies beneits cescribed promcuon ts policy cinng compay bancht mned accounes unger liraces uss public resources,0.0,0.931,0.069
1229,dsce bright too for gidns gfo the cameral,0.0,0.707,0.293
1230,acceptance criteria sawon story often most task overlooked story component accepiance ture ces,0.09,0.715,0.195
1231,lloe comonen htlps blog freemansoft html b cur d a d,0.0,1.0,0.0
1232,uonces ton lt tur sten tue bloted noee oo lo cale hod ee e cln reee mgbile simple gui d ellee ondil lod dl ouroie etn to dout uot esp web server led cln 2 cutony iruo off on rllay cuonly pin 1o folee off on vy epzig boong nledizeon rs pliit d apl ls simple get calls,0.0,1.0,0.0
1233,lost license licensed not licensed transition based stale based stateor transl editable drawio,0.161,0.839,0.0
1234,proioat inle adieo do,0.0,1.0,0.0
1235,moden cicd apl catalog schema dala build train end and sover nce decun toee corn infastuctue as,0.0,1.0,0.0
1236,the approache fit the to org fit the approach the orge to d another is not s group success an indicator of future resultss your,0.107,0.714,0.179
1237,5560123 you phone number see a contact target identity credentials probtem notuication identay resoluton component auhenbication icanter staus updates fravd factor a 2fa target somsthing evants location hao ou,0.0,0.952,0.048
1238,the five stages of bab 2 3 5 stan hacks yo oulgrow yas locking ane ther ne oa onvsoe etang tlhe previous wora at syilen a new o ronulemenes where cocame syseln pocesses platoim cybineg b comes ine cx paacliges possible desian spec,0.0,1.0,0.0
1239,nllo aaoon us odd dlend dal meduns dot w s doleon ole re denewe otu eold wu oo orewen cund dutcaooter booine sloeuat tonoes tule trone pamold uut oenintol ten otowee tan wo ne du ad peee nu ue occole dooncd to biio cu v jd cesee alunl oulud do ciuerlnts ls ste ooelol uls de on amo hil eod s cnauee ol ne en do ls urd noldablo ld lodae ces ide esier tee truno comic 8sa be8 e cre odd,0.058,0.942,0.0
1240,,0.0,0.0,0.0
1241,,0.0,0.0,0.0
1242,,0.0,0.0,0.0
1243,,0.0,0.0,0.0
1244,,0.0,0.0,0.0
1245,,0.0,0.0,0.0
1246,,0.0,0.0,0.0
1247,,0.0,0.0,0.0
1248,logi,0.0,1.0,0.0
1249,,0.0,0.0,0.0
1250,logi,0.0,1.0,0.0
1251,zenite zenith rnings,0.0,1.0,0.0
1252,,0.0,0.0,0.0
1253,,0.0,0.0,0.0
1254,,0.0,0.0,0.0
1255,,0.0,0.0,0.0
1256,,0.0,0.0,0.0
1257,,0.0,0.0,0.0
1258,,0.0,0.0,0.0
1259,,0.0,0.0,0.0
1260,s23 plus,0.0,1.0,0.0
1261,galaxy s7t tab,0.0,1.0,0.0
1262,22 plus on,0.0,1.0,0.0
1263,wacom cintio,0.0,1.0,0.0
1264,galaxy szut,0.0,1.0,0.0
1265,asus proart pa278cv,0.0,1.0,0.0
1266,sony sony xm4,0.0,1.0,0.0
1267,watch 07 10 08 active 09 dste weather stes 805 n 4a57,0.0,0.787,0.213
1268,,0.0,0.0,0.0
1269,galaxy bttns live,0.0,1.0,0.0
1270,,0.0,0.0,0.0
1271,,0.0,0.0,0.0
1272,,0.0,0.0,0.0
1273,amazon echo 4th gen,0.0,0.638,0.362
1274,easy tiles subscribe,0.0,0.408,0.592
1275,dji actionz,0.0,1.0,0.0
1276,shark hoover,0.0,1.0,0.0
1277,cake face,0.0,1.0,0.0
1278,paint therapy,0.0,1.0,0.0
1279,net window tutorial subscribe,0.0,1.0,0.0
1280,sim sd b dos 7s tzz isicues eno,0.0,1.0,0.0
1281,case,0.0,1.0,0.0
1282,silvercrest desk fan,0.0,0.465,0.535
1283,sony cam cam link canon cam,0.0,1.0,0.0
1284,,0.0,0.0,0.0
1285,25 uime oo o0 26 2nd 2nd dth le lar rime oo 25,0.0,1.0,0.0
1286,beracd bracy ong,0.0,1.0,0.0
1287,school old pid bamon fe g bas,0.0,1.0,0.0
1288,,0.0,0.0,0.0
1289,veg,0.0,1.0,0.0
1290,techcom ing hyp dodcost powored stedcitoong bt chessam,0.0,1.0,0.0
1291,fidget e,0.0,1.0,0.0
1292,,0.0,0.0,0.0
1293,gog,0.0,1.0,0.0
1294,,0.0,0.0,0.0
1295,,0.0,0.0,0.0
1296,,0.0,0.0,0.0
1297,d ocs dee office lit hypingtech coss merccol donou osas outeess,0.0,1.0,0.0
1298,,0.0,0.0,0.0
1299,canon cam zule aks zulfphotography con tla,0.0,1.0,0.0
1300,g,0.0,0.0,0.0
1301,agrysien,0.0,1.0,0.0
1302,2021 treatments arer total in 5 treatments starting 55omm spacings at loomm gsomm increments to up using either the straight foot tyne inclusion of ing the the or w msf,0.0,0.934,0.066
1303,,0.0,0.0,0.0
1304,,0.0,0.0,0.0
1305,aternatve chisel technology agmor pw 16mm psa knife pre7 tine 1 wide point e,0.0,1.0,0.0
1306,malle sustainable farming,0.0,1.0,0.0
1307,comparing break crop performance the sa in mallee,0.0,1.0,0.0
1308,,0.0,0.0,0.0
1309,borat turns up his mankini in,0.0,1.0,0.0
1310,msf,0.0,1.0,0.0
1311,lole roonlo g,0.0,1.0,0.0
1312,mallee seeps eolubons scoce bringing back severe a seep production to,0.224,0.776,0.0
1313,,0.0,0.0,0.0
1314,,0.0,0.0,0.0
1315,msf nsw mallee research update 2023 grdc walne land lole local nsw services,0.0,1.0,0.0
1316,mallee seeps dry how identify land saline to,0.0,1.0,0.0
1317,mallee sustainable farming lockdown lowdown spring video series 20 don agan down,0.141,0.859,0.0
1318,chris mcdonough insight for agiculture extension stop watching land saline go fix itt lets bring saline land back production into,0.104,0.896,0.0
1319,,0.0,0.0,0.0
1320,,0.0,0.0,0.0
1321,indie baby leaf chard,0.0,1.0,0.0
1322,mesclita green lettece coral,0.0,1.0,0.0
1323,kilakin f1 hybrid chinese cabbage,0.0,1.0,0.0
1324,,0.0,0.0,0.0
1325,fairbanks seeds el furio spinach f1,0.0,1.0,0.0
1326,fairbanks seeds mclaren f1 broccoli,0.0,1.0,0.0
1327,,0.0,0.0,0.0
1328,,0.0,0.0,0.0
1329,locky f1 ichard baby leaf,0.0,1.0,0.0
1330,fairbanks seeds pungi f1 spinach,0.0,1.0,0.0
1331,,0.0,0.0,0.0
1332,red planetel hybrid radish,0.0,1.0,0.0
1333,le kremlin ft baby leae kalle,0.0,1.0,0.0
1334,fairbanks seeds madisonfi olah f1 el 8 el elolahi fipreviously known halo as el fl1 spinach,0.0,1.0,0.0
1335,future wild rocket,0.0,1.0,0.0
1336,,0.0,0.0,0.0
1337,tarwin wald rocket,0.0,1.0,0.0
1338,fairbanks seeds ice hielo iceberg lettuce t,0.0,1.0,0.0
1339,majestic el f1 spinach raryi faf,0.0,1.0,0.0
1340,d qo o oe co o,0.0,1.0,0.0
1341,what happened tof bitconnect,0.0,1.0,0.0
1342,andrew said tate buy crypto now,0.0,1.0,0.0
1343,brian armstrong selling coinbase stocksl,0.0,1.0,0.0
1344,what shiba is inu ehereum erc 20 ses based loken shich a a idexsi ocantralized exchanges and used inde nancs defd appllcations ethere which ken ses a a which allow be it to decentralized nd de used in sl,0.0,0.947,0.053
1345,moncycypto ongicypt this man changed historyl 22 2010 laszio hanycce when programn y a bilcoin oalering posted 5 message on loum a exchange tor wo czzas when laszlo hannah 22 20100 ey v a programn,0.0,1.0,0.0
1346,exch and vs coinbase,0.0,1.0,0.0
1347,cardano,0.0,1.0,0.0
1348,portfolio update 20,0.0,1.0,0.0
1349,sbf mleoil maneyceot sece,0.0,1.0,0.0
1350,sec gopvs win will who binance coinbase gemini binance kraken us,0.0,0.725,0.275
1351,ron desantis to ban crypto in floridal,0.375,0.625,0.0
1352,jmoneycrypto b,0.0,1.0,0.0
1353,the bitcoin 4 year cycle,0.0,1.0,0.0
1354,portfolio update week 8,0.0,1.0,0.0
1355,portfolio update week 13,0.0,1.0,0.0
1356,what is ethereum,0.0,1.0,0.0
1357,geaj papa johns,0.0,1.0,0.0
1358,b what is everage trading b,0.0,1.0,0.0
1359,teather vs usdc le s,0.0,1.0,0.0
1360,interior co,0.0,1.0,0.0
1361,utodayats clport nsciportplanetariu sci port,0.0,1.0,0.0
1362,viurins las ascipen port candrewsascipor org,0.0,1.0,0.0
1363,love yov aulyear throug teg scpor stephanie stansbic suric mason ttnatin sci port,0.0,0.741,0.259
1364,,0.0,0.0,0.0
1365,sci port discovery fa inirigue imax home activity activity air and flight hoopster,0.0,1.0,0.0
1366,sci port storytime activity pop 8 this kind of is not that book and education papai with programs manager lou,0.0,1.0,0.0
1367,lolisin only sci port intrigue imax discoveky dome eatre,0.0,1.0,0.0
1368,searching view live from sciports averrett observatory for sunspots nasas data trom solar dynamics obseratony,0.0,0.87,0.13
1369,data nasas from solar dynam lics observatory ced aure ude,0.0,1.0,0.0
1370,sci port discovery fo inirigue imax home activity glider activity air and flight foam,0.0,1.0,0.0
1371,,0.0,0.0,0.0
1372,stars sci por,0.0,1.0,0.0
1373,sci port duel,0.0,1.0,0.0
1374,sci port storytime activity pop 8 birthday earth happy day and education papal with programs manager lou,0.0,0.802,0.198
1375,data nasas from solar dynamics observatory,0.0,0.704,0.296
1376,searching live view from sciports aventett observatory for sunspots nasas data trom solar dynamics obseraton,0.0,0.87,0.13
1377,data nasas from solar dynamics observatory,0.0,0.704,0.296
1378,sci port discovery center home activity life my tree as a with floor manager kenneth smith,0.0,1.0,0.0
1379,searching live viow from sciports avenett obserulnuy for sunspots nasas data trom solar dynamics obseraton,0.0,0.87,0.13
1380,10 71 8 9 6 z,0.0,1.0,0.0
1381,,0.0,0.0,0.0
1382,,0.0,0.0,0.0
1383,2 b,0.0,0.0,0.0
1384,2,0.0,0.0,0.0
1385,,0.0,0.0,0.0
1386,d,0.0,0.0,0.0
1387,ulid ll dlk door l door close oren,0.0,1.0,0.0
1388,3te floer locked,0.0,1.0,0.0
1389,,0.0,0.0,0.0
1390,2 1r g,0.0,1.0,0.0
1391,z 8 5 6 3 2,0.0,0.0,0.0
1392,a,0.0,0.0,0.0
1393,b sb biarn bcos,0.0,1.0,0.0
1394,otis cevnor do,0.0,1.0,0.0
1395,b8 blevator,0.0,1.0,0.0
1396,,0.0,0.0,0.0
1397,,0.0,0.0,0.0
1398,,0.0,0.0,0.0
1399,ee,0.0,1.0,0.0
1400,swe sminuue foster james patch relief,0.0,0.617,0.383
1401,,0.0,0.0,0.0
1402,,0.0,0.0,0.0
1403,tuninc t lemen e,0.0,1.0,0.0
1404,ae my relielf from carpal tunnel 8x back pain tuning ee,0.248,0.752,0.0
1405,,0.0,0.0,0.0
1406,elem tluning tmy maciejcz jana on and mapet pruloy,0.0,1.0,0.0
1407,questione what do know about you it ctuning element companyi as a,0.0,1.0,0.0
1408,bas o shops tuning element c hydrate betteri,0.0,1.0,0.0
1409,,0.0,0.0,0.0
1410,al ts tuning,0.0,1.0,0.0
1411,,0.0,0.0,0.0
1412,how will my body reacta,0.0,1.0,0.0
1413,cte gins tete ded ines gre gins,0.0,1.0,0.0
1414,instant recovery boost sminute relief patc,0.0,0.408,0.592
1415, tuning element strongers,0.0,1.0,0.0
1416,ses tuning results how long does till the it take workst product,0.0,1.0,0.0
1417,ore pe,0.0,1.0,0.0
1418,,0.0,0.0,0.0
1419,support pain relief ie,0.327,0.099,0.574
1420,ditdnal sn p,0.0,1.0,0.0
1421,al is imos s ai imlacting ls almos lote ie all ind industls all ie le s job roles omentaol s job saall ro,0.0,1.0,0.0
1422,nade ta tost ornad alet nodoe d toous tools nan aanar nade toons belt focus oa voll oraule nors pronine volce fas ol gicating bed coun,0.0,1.0,0.0
1423,sed bel does lloud beng id cland he cloud does lot mean y pro protives ls saey resmoihe oe slms dr re ribe arr,0.0,1.0,0.0
1424,pesn,0.0,1.0,0.0
1425,s,0.0,0.0,0.0
1426,subscribe,0.0,1.0,0.0
1427,pcsn pcsoltionshet,0.0,1.0,0.0
1428,e,0.0,0.0,0.0
1429,ceuntralized serviges vcio projeet nctamin support,0.0,0.649,0.351
1430,pcsn pc solutions net peei die,0.406,0.417,0.177
1431,pcsn pc solutions net,0.0,0.638,0.362
1432,,0.0,0.0,0.0
1433,,0.0,0.0,0.0
1434,all cally m specifically al more chat gical chatgpt is magical but,0.0,1.0,0.0
1435,pcsn pc solurionsnet elaana,0.0,1.0,0.0
1436,sn hdw rise how enterorise can kt td he right m paltneres peer or die,0.231,0.769,0.0
1437,why nale why doesnt t mare th uth ser to sense go cheapest ma e cs peer or di,0.0,1.0,0.0
1438,lylbiolcza httpsllbit,0.0,1.0,0.0
1439,oetlloe,0.0,1.0,0.0
1440,jeffe bickerstaff mayor for hwearesachsestrong,0.0,1.0,0.0
1441,onlec major winter storm today font worth xs oon sd aa cl ov ded cnan tlming androximate of meawy snow sunday forecast snowfald loam 1zpm to ci 1zpm apm to zpn to apm apm lo spm 3 a winter warnins tom 6 sa slorn winecr warmnd mosty likely snowtall pe cadd ree 15 below 915 fi wil be ine chreatening pcople and zero to ow as 2025 ithout adequate warmthi nonth winds of mph with will snow,0.0,0.95,0.05
1442,music for bands of america all joinyng usi boa announcer challenge for musicforall vote marching orgljoiningus me at,0.0,0.929,0.071
1443,as u eaey font wo 0108 june 11 2023 issued a irn paris gainesville dro couatd sae canton dfw canton vedl ated none waco ated taong showners atered and oade tnis this pested by killeen imar rraron become troneto slyl,0.0,1.0,0.0
1444,forcsos ollas wtahtr severe thunderstorm watch worth fort tx 2021 1057 pm cot eed mas 16 hatrds severe thunderstorm watchls in par a sherman bowie effect the shaded until for arcas uneaeon s am wednesday date acksbore denton greenville conditions favorable for arc scucnc storms dallas fort orth threats ganton damaging winds to up cisco zo mph stephentille gorsicana hillsboro larze hall lsolated 2 up to palestinc possiblel hamilton mexia nacd a tornado hwo possible or centerille emple dasas hearne stay awarel weauher be should prepared to act a warning be swued lor location your nwsfont wlorth wcathrsowtortort,0.128,0.784,0.088
1445,5z16 weather stream gnc pe alano dallas aringon beno,0.0,1.0,0.0
1446,,0.0,0.0,0.0
1447,forcan vie ollen tuesday worth fort tx 7020 1zza swed sad 15 am cot 860 84 82 paris sherman bowic aslight chance of showers 81 860 central and west 2006 acksbores denton greenville partly with highs in sunny 880 880 the 80s 87 dallb foraworh 81 light north to northeast canton winds 821 cisco 880 87 stepnenville corsicane 87 hilisbore 840 87 87 cstinc hamilton oxia 20k waco 880 870 850 centenille 800 cmple lampasas bearne nwsfot wlorth weathreotortont,0.036,0.857,0.107
1448,wee fortean ollen additional forecast rainfall accumulation worth fort tx through ihursday moming flooding g flash flooding possible zono 9ss sued scp 02 am cot saay ralntall accumulations upwards of3 inches primarily a arcas 15 1 115 off20 along and south with 051 the lesser amouns to norih paris sherman pia flood flash 015 1157 soils already saturated from are iatch 115 rainfall previous over most of the jacksboro denton additional raintall will region green iikely off quickly and 11571157 nun cause flash flood looding ssues walch wor a flash flood watch has been 1 5 flash flood uod issued lor much ot north teras watch induding the dallasifont worth this arca watch is in effect tupevle thursdy moming through cotcy 15 dllnerd pugsn uon mexa turn waso around 118 flooding dont codig drown gnplc lampasas gearn wsfot wlorth weathersowtoto,0.0,0.933,0.067
1449,3296 weather slreamro weather mpdate severe starting soon pluletno llc os  wwwsachseweathenr com,0.178,0.822,0.0
1450,live bacon oolie weather unpdate starting soon lie,0.0,1.0,0.0
1451,,0.0,0.0,0.0
1452,bacon weather forecast possible severe storms,0.342,0.658,0.0
1453,weather family life i,0.0,1.0,0.0
1454,,0.0,0.0,0.0
1455,total youmube subscrie arly hazard 60 mph wind and hail stationary gusts quarter size,0.0,0.909,0.091
1456,5z90 weather stream dwsorl lo ca tlooer te onios d s sode upoates soc sud olla tomdotte wlnn roln owtool ty loel udon sue optione oen lse ov den dot copon fad ene jenlee ju dod gune ddo gat sn ped di l cor ihe nonl udoun tedoe e ced tonn seron joud e cen col lues dn uelead cra jd oatte on temlany notonats noon umds ue lo cals ca tr uninel bun guo ead soan lregie old ense ooe lonu roel loean sen un iner baler naten do wm ne nenred loe ulim den te edn,0.0,0.953,0.047
1457,5z46 weather stream edanoe tins aom it 1b o sgg odo cot 25 o 24ti croo aomly uph todays forccast sunny vilh hilgh 100 heat index valles hlgh 10 d doan as as,0.0,0.912,0.088
1458,tor watchingl thanks,0.0,0.408,0.592
1459,,0.0,0.0,0.0
1460,,0.0,0.0,0.0
1461,peul fomesls ammo box faradaycage fae a mod icatona pega sole agnote fue ssh tolel eiag gealol nudde onln to bac snle hental lea sgal sashntd soll floty asa or sucn fulr talellos r deal d corroute to malo dcler sae chang bie nl anound lid fbber sto eemoved sneldel guc ol onlinig ue ol cratal ory fins resn seg ssekt sand egnolod oudde scal lin bac charal are to sale sendle sanded bies ccac bac sled chang il roun to d d eion line slfece ol niar t fpea ol doe sce nco couls dlgn caudoend unll emon c chcr des lncn esd phonal sad um ol oen din tolo tu on iho gmoss sufese os eed lo sotamd cpenere bu bollg or um rramal stals discnaye npontat nsulalon mla de mgaimngs lo dol radas ntl lin a dgaccar pecred plecge nsile de fue lag se g caliol lo iel sod molslus d goog nae ueany corrac minun cess le do mol srorn ullgng m din dc co ninn cho lin s closad possidd che bon us nes or d rou con sa lin dos cuum boys orlong igan on slorga,0.03,0.97,0.0
1462,,0.0,0.0,0.0
1463,la,0.0,1.0,0.0
1464,,0.0,0.0,0.0
1465,,0.0,0.0,0.0
1466,ciwzal pst lero lanaus gas recrculallon lged syelem gr re suee od cl o d dl,0.0,1.0,0.0
1467,,0.0,0.0,0.0
1468,o ti,0.0,1.0,0.0
1469,,0.0,0.0,0.0
1470,,0.0,0.0,0.0
1471,,0.0,0.0,0.0
1472,io minutes to go til showtime,0.0,1.0,0.0
1473,cortalner snelericoncenl dlaser piee seeeme se,0.0,1.0,0.0
1474,crossing sanes sror,0.0,1.0,0.0
1475,pal romaly classic rockerlaunch control panel jud oo d esenby paye l ote coees engine iglter ueo sulti cclor moist brnd leda c epl bps ud lgn v bamem green go stalvs grellows lo v reo sioet igater geeeh go staus vellos oreh aboet test chan safe arad launch reset nttd o alent coet docaes tent antakey ver stitch pushoutton sutch dpavane not to scale,0.0,0.952,0.048
1476,defecideieceon tran stalloa oa aes dule,0.0,1.0,0.0
1477,,0.0,0.0,0.0
1478,scale speed ss mph kmlh or,0.0,1.0,0.0
1479,,0.0,0.0,0.0
1480,,0.0,0.0,0.0
1481,,0.0,0.0,0.0
1482,,0.0,0.0,0.0
1483,,0.0,0.0,0.0
1484,,0.0,0.0,0.0
1485,lugeier ve can unfftene h lane,0.0,1.0,0.0
1486,balled ratianond,0.0,1.0,0.0
1487,,0.0,0.0,0.0
1488,,0.0,0.0,0.0
1489,,0.0,0.0,0.0
1490,,0.0,0.0,0.0
1491,,0.0,0.0,0.0
1492,,0.0,0.0,0.0
1493,christopher,0.0,1.0,0.0
1494,,0.0,0.0,0.0
1495,cfd cannn lor oral urad hard hanno pacplo of cochlear implant uses electrodes electronically to stimulate the that the nerves brain then interprets sounds into an operation is required insert to internal parts,0.081,0.865,0.055
1496,,0.0,0.0,0.0
1497,,0.0,0.0,0.0
1498,,0.0,0.0,0.0
1499,,0.0,0.0,0.0
1500,,0.0,0.0,0.0
1501,,0.0,0.0,0.0
1502,dry ice asphalt on vidoo 01n92013 in 92 dogree heat taken on,0.0,1.0,0.0
1503,of the list i tnble aad salot table una salpting nonedstant ginves breakdoum of d une list gies brealdonn ol list a ce in teen altemoting list lo non chor dhe entine soten deer do che soatn nise te names ot difonent sne anonm ot diferant applicaton run che ds anonm copy move renov fie lle rename files used o oeate cnpy tliny lmtn n mumoumase in coatane ol fle tcan ine copy instoe ploes gl tis mln sa s,0.0,0.969,0.031
1504,,0.0,0.0,0.0
1505,,0.0,0.0,0.0
1506,,0.0,0.0,0.0
1507,realsense intell,0.0,1.0,0.0
1508,powershell welcome hell to,0.479,0.208,0.312
1509,the how basics to on reactivate touch a windows in screen,0.0,1.0,0.0
1510,,0.0,0.0,0.0
1511,q setting up outline,0.0,1.0,0.0
1512,aetrex d connect please to rowl internet the shut cown because it software has you step intenal ic connected o he bean has no the software will allon reconnecing 7 days and will reactivate sbnuge the cloud lo sync waun call your queslons pleaso have f you aomi sratot network bmuz ce,0.044,0.911,0.046
1513,los conceptos basicos sobre como pantalla reactivar una tactil,0.0,1.0,0.0
1514,,0.0,0.0,0.0
1515,at main of the screen the istep software select gold the icon on right lie upper corner feel great feet on your istep remove shoes stand begin end on o scan,0.0,0.876,0.124
1516,nen jan snans dak s debian 12 setup s s s uaym part 4 adding a fuana non backport repository non uopueqe mopeus iim,0.0,1.0,0.0
1517,upgrading teamviewer application your,0.0,1.0,0.0
1518,en la pantalla del principal software istep seleccione icono el dorado la en esquina superior derecha feel great feet on your istep remove shoes stand begin end on o scan,0.0,0.78,0.22
1519,,0.0,0.0,0.0
1520,,0.0,0.0,0.0
1521,sao,0.0,1.0,0.0
1522,,0.0,0.0,0.0
1523,,0.0,0.0,0.0
1524,amcss,0.0,1.0,0.0
1525,,0.0,0.0,0.0
1526,,0.0,0.0,0.0
1527,,0.0,0.0,0.0
1528,,0.0,0.0,0.0
1529,,0.0,0.0,0.0
1530,,0.0,0.0,0.0
1531,,0.0,0.0,0.0
1532,lubrication,0.0,1.0,0.0
1533,,0.0,0.0,0.0
1534,disconnect power before servici g lubrication chart,0.0,1.0,0.0
1535,,0.0,0.0,0.0
1536,lcp,0.0,1.0,0.0
1537,,0.0,0.0,0.0
1538,,0.0,0.0,0.0
1539,,0.0,0.0,0.0
1540,,0.0,0.0,0.0
1541,buildi 48v battery s e 13s 18650s 4p,0.0,1.0,0.0
1542,desoooerot n brds ess ar ied madein china roecin cclnd dein oo,0.0,1.0,0.0
1543,this fine is japt wnd,0.0,0.69,0.31
1544,tol es caen on don oen pao to ba ttm ont ee ce aes dee ead ouda cson ed co ontn cdao cea erato roon sa bos d die sler anre rens toa rlens oeon s oued e pan ca ued f oetfe co oecas e nblodcoas ea soned otea aa cru es ces ot de de os on ten ln n ol teea n t sn n s sts os coc ue,0.059,0.941,0.0
1545,demoday,0.0,1.0,0.0
1546,lun hackers guide to programming a the bbsor bbshd s,0.0,1.0,0.0
1547,klx25os rebuild fork special requiredl no toolls,0.222,0.505,0.273
1548,broken,1.0,0.0,0.0
1549,,0.0,0.0,0.0
1550,n zn gann od emilz aait taa iaaa taeee,0.0,1.0,0.0
1551,viewsl amazing,0.0,0.208,0.792
1552,,0.0,0.0,0.0
1553,sce,0.0,1.0,0.0
1554,,0.0,0.0,0.0
1555,,0.0,0.0,0.0
1556,yourselves brace black fridayis coming,0.0,1.0,0.0
1557,according o the world effgoldblum cobuen porucnes pus eole cgca baraalonon ang e,0.0,1.0,0.0
1558,,0.0,0.0,0.0
1559,s,0.0,0.0,0.0
1560,this marvelous product used by adele is a revolutionary weight new loss product helps that,0.116,0.556,0.328
1561,,0.0,0.0,0.0
1562,hello discover everyone how thousands of men,0.0,1.0,0.0
1563,provenvideo bellylat fast burn nttloldwbass,0.0,1.0,0.0
1564,comnission c d d n commisson t c d d oi,0.0,1.0,0.0
1565,s10256427 month a,0.0,1.0,0.0
1566,100 replicators dfy conumission,0.0,1.0,0.0
1567,profit 10 x e sites a 10 profit sites,0.0,0.408,0.592
1568,fullyautomated softw,0.0,1.0,0.0
1569,yowr asa h uyle edupay presents edupay edupay dolunnes mtomtd docrean cot doc,0.0,1.0,0.0
1570,discover built zfigure how a business since surviving my suicide final attempt make sure your re on and click play ooerat,0.164,0.584,0.252
1571,best seo software eaturess com get unlimited backlinkss get usted the finst page of google now on injazatil trisi downlond zdays free capicha solver induded article creator bullanl proxies buils n web o creator z blogs social neln ork poses soclal bookmarking wob dinoctones wiki ricles press releases antide directones web 20 profiles arss and much more all of single these features in 1 software easy to use technical hatseo no inowledes no cxatio nceded 100 h white trusted used fan ous ond by compa nies right nom what waiting for boost website are you your download zdays trial now visit injaraticom,0.039,0.795,0.165
1572,superseoplus com going where were introcuce to super seo plus to you,0.0,0.738,0.262
1573,the truth about biofit,0.0,0.566,0.434
1574,s3ok month per,0.0,1.0,0.0
1575,every hello,0.0,1.0,0.0
1576,,0.0,0.0,0.0
1577,eclnote wbiee sueer,0.0,1.0,0.0
1578,numes dmamones nmrsd pmbssn nces,0.0,1.0,0.0
1579,,0.0,0.0,0.0
1580,whe this d whent did apple do this tochacalctus,0.0,1.0,0.0
1581,techsudctl,0.0,1.0,0.0
1582,going satosont a tech e13 clean kit up,0.0,0.69,0.31
1583,untoo gtanton made does soltne,0.0,1.0,0.0
1584,mini 2 dji parkl stadium molineux west,0.0,1.0,0.0
1585,anker 65w charger noave,0.0,1.0,0.0
1586,,0.0,0.0,0.0
1587,budget tech tech addict uk,0.0,1.0,0.0
1588,ccann only glaw,0.0,1.0,0.0
1589,mini 2 dji baggeridge country park uk,0.0,1.0,0.0
1590,nois,0.0,1.0,0.0
1591,mini 2 dji flight night test,0.0,1.0,0.0
1592,chadactu,0.0,1.0,0.0
1593,slr vlay bags too many techalalcien,0.0,1.0,0.0
1594,become pro a pilot,0.0,1.0,0.0
1595,es,0.0,1.0,0.0
1596,star wars ot 0,0.643,0.357,0.0
1597,tech addict,0.0,1.0,0.0
1598,oceanhornd df knights lost realm the walkthrough part 1,0.247,0.753,0.0
1599,rlok motion relaxing slow footage,0.0,0.556,0.444
